No,expressions,translation,Type,num_duration,freq,adjusted_freq
1,白驹过隙,A white steed flashing past a crack (time flies),verbal,3156.795654,329,259.91
2,百年,A hundred years,verbal,36500,26727,24321.57
3,百日,A hundred days,verbal,100.212766,2929,2929
4,半辈子,Half a lifetime,verbal,15448.83721,2859,2859
5,半年,Half a year,verbal,184.4318182,60780,59564.4
6,半生,Half a life,verbal,15533.72093,4068,3986.64
7,半世,Half a lifetime,verbal,16068.90244,1044,960.48
8,半天,Half a day,verbal,0.435132576,37875,37875
9,半载,Half a year,verbal,1778.444444,195,183.3
10,辈子,A lifetime,verbal,29939.35897,21124,21124
11,不久,Not long,verbal,8.934645062,72436,71711.64
12,沧海桑田,Seas change into mulberry fields (time brings great changes),verbal,9.13E+26,842,715.7
13,刹那,Kshana (a Buddhist term for an instant) / an instant,verbal,0.000122685,11225,10551.5
14,成年累月,"Year in, year out",verbal,9.36E+16,191,191
15,待会,Wait a bit,verbal,0.045712384,9348,8039.28
16,当即,Right then,verbal,0.030311053,12331,12331
17,等一会,Wait a little while,verbal,0.01519223,2050,2029.5
18,等一下,Wait a bit,verbal,0.01190759,8976,8976
19,地久天长,As long as heaven and earth endure (eternal),verbal,8.79E+13,542,542
20,地老天荒,Until earth grows old and heaven decays (forever),verbal,9.13E+27,682,682
21,短期,Short-term,verbal,63.29174742,32099,32099
22,多会儿,For a short time,verbal,0.276839339,196,168.56
23,多年,Many years,verbal,3505.697674,100829,100829
24,多日,Many days,verbal,12,3694,3694
25,海枯石烂,Until the seas dry up and rocks crumble (forever),verbal,9.36E+20,734,719.32
26,好半天,Quite a long while,verbal,0.617149758,2008,2008
27,好一会儿,Quite a while,verbal,0.078654101,5701,5701
28,好一阵,Quite a spell,verbal,2.905066288,3493,3318.35
29,很多年,Very many years,verbal,5234.431818,5275,5275
30,很快,Very soon,verbal,1.020125661,107314,106240.86
31,恒久,Eternal,verbal,1.05E+19,1365,1365
32,即将,About to happen,verbal,2.581330722,71344,70630.56
33,即刻,This very moment,verbal,0.002117504,9137,8771.52
34,几十年,Decades,verbal,13140,21797,21797
35,经年累月,"Year after year, month after month",verbal,9.36E+15,340,340
36,老半天,A very long while,verbal,1.257181187,1779,1779
37,立即,Immediately,verbal,0.003093777,117360,117360
38,立刻,At once,verbal,0.003194971,89759,89759
39,马上,Right away,verbal,0.008630222,122256,119810.88
40,七日,Seven days,verbal,7,6089,3775.18
41,千年,A thousand years,verbal,338686.0465,19522,18741.12
42,千秋万代,"Thousands of autumns, ten thousand generations (for all time)",verbal,8.49E+21,370,370
43,顷刻,In an instant,verbal,0.023870773,3683,3683
44,霎时,In a flash,verbal,0.000512153,7922,7922
45,瞬间,A blink of time,verbal,0.000131114,48381,48381
46,天长日久,As long as heaven and earth last (very long time),verbal,8.90E+16,450,450
47,万代,Ten thousand generations,verbal,9.61E+19,646,555.56
48,万年,Ten thousand years,verbal,5538258.556,4499,3644.19
49,为期不远,Not far off (in time),verbal,216.6842105,407,407
50,迅即,Promptly and swiftly,verbal,0.00478851,2318,2318
51,迅雷不及掩耳,Swift thunder leaves no time for covering ears (extremely fast),verbal,8.51E-05,1475,1475
52,迅速,Swiftly,verbal,0.004643684,134930,134930
53,遥遥无期,"Not within foreseeable time (literally, “far away with no deadline”)",verbal,1095639.459,901,901
54,一半天,Half a day or so,verbal,0.930555556,157,80.07
55,一辈子,A lifetime,verbal,29284.88372,54186,54186
56,一刹那,A single kshana / a split second,verbal,0.000282016,7436,7436
57,一晃,In a flash (time passing quickly),verbal,689.3116013,5916,5916
58,一会,A short while,verbal,0.035464015,113306,113306
59,一刻,A quarter (of an hour) / a short while,verbal,0.009077848,41018,41018
60,一溜烟,Like a puff of smoke (very quickly),verbal,93.59134408,1641,1608.18
61,一年半载,"A year or so (literally, “a year and half a year”)",verbal,496.5909091,880,880
62,一日,One day,verbal,0.988888889,37625,36872.5
63,一霎,A flash,verbal,0.000253152,1250,675
64,一生,A whole life,verbal,30302.93478,85210,85210
65,一时半会儿,"A short while (literally, “half a moment”)",verbal,0.454050926,249,249
66,一时半刻,"A short while (literally, “half a moment”)",verbal,0.070478036,395,395
67,一世,A generation / a lifetime,verbal,32020.45455,11080,8974.8
68,一瞬,A fleeting moment,verbal,0.000735597,24190,24190
69,一下子,All at once,verbal,0.006623264,42361,42361
70,一宿,One night,verbal,0.446022727,2762,2734.38
71,一眨眼,A blink (of an eye),verbal,0.000430077,2571,2571
72,一阵,A spell (of time),verbal,4.21665157,114612,111173.64
73,一阵子,A period of time,verbal,12.89300926,11960,11960
74,一整天,A whole day,verbal,1.219202899,10833,10833
75,亿万斯年,Hundreds of millions of years,verbal,8.69E+24,33,21.78
76,永久,Permanent,verbal,8.69E+22,15156,14701.32
77,永生永世,For all eternity,verbal,9.13E+24,278,278
78,永远,Forever,verbal,9.13E+28,185107,185107
79,眨眼间,In the blink of an eye,verbal,0.227578151,1172,1172
80,长年,Year after year,verbal,6722.790698,6015,5593.95
81,长期,Long-term,verbal,1999.756098,151965,151965
82,终身,For life,verbal,29606.47727,24686,24686
83,终生,All one’s life,verbal,31496.82927,9771,9771
84,转眼间,In the blink of an eye,verbal,83.91752701,3126,3126
85,1秒,1 second,numeric,1.16E-05,901,873.97
86,2秒,2 seconds,numeric,2.31E-05,626,626
87,3秒,3 seconds,numeric,3.47E-05,817,817
88,4秒,4 seconds,numeric,4.63E-05,236,233.64
89,5秒,5 seconds,numeric,5.79E-05,1240,1240
90,6秒,6 seconds,numeric,6.94E-05,313,313
91,7秒,7 seconds,numeric,8.10E-05,382,382
92,8秒,8 seconds,numeric,9.26E-05,380,380
93,9秒,9 seconds,numeric,0.000104167,275,275
94,10秒,10 seconds,numeric,0.000115741,2131,2131
95,11秒,11 seconds,numeric,0.000127315,925,601.25
96,12秒,12 seconds,numeric,0.000138889,381,381
97,13秒,13 seconds,numeric,0.000150463,554,526.3
98,14秒,14 seconds,numeric,0.000162037,167,165.33
99,15秒,15 seconds,numeric,0.000173611,595,595
100,16秒,16 seconds,numeric,0.000185185,156,152.88
101,17秒,17 seconds,numeric,0.000196759,145,140.65
102,18秒,18 seconds,numeric,0.000208333,240,237.6
103,19秒,19 seconds,numeric,0.000219907,114,112.86
104,20秒,20 seconds,numeric,0.000231481,841,824.18
105,21秒,21 seconds,numeric,0.000243056,230,227.7
106,22秒,22 seconds,numeric,0.00025463,208,197.6
107,23秒,23 seconds,numeric,0.000266204,208,205.92
108,24秒,24 seconds,numeric,0.000277778,234,231.66
109,25秒,25 seconds,numeric,0.000289352,288,276.48
110,26秒,26 seconds,numeric,0.000300926,160,156.8
111,27秒,27 seconds,numeric,0.0003125,178,178
112,28秒,28 seconds,numeric,0.000324074,189,185.22
113,29秒,29 seconds,numeric,0.000335648,132,130.68
114,30秒,30 seconds,numeric,0.000347222,2048,2027.52
115,31秒,31 seconds,numeric,0.000358796,108,108
116,32秒,32 seconds,numeric,0.00037037,156,145.08
117,33秒,33 seconds,numeric,0.000381944,143,138.71
118,34秒,34 seconds,numeric,0.000393519,135,135
119,35秒,35 seconds,numeric,0.000405093,269,269
120,36秒,36 seconds,numeric,0.000416667,145,140.65
121,37秒,37 seconds,numeric,0.000428241,173,162.62
122,38秒,38 seconds,numeric,0.000439815,172,170.28
123,39秒,39 seconds,numeric,0.000451389,124,124
124,40秒,40 seconds,numeric,0.000462963,462,448.14
125,41秒,41 seconds,numeric,0.000474537,142,140.58
126,42秒,42 seconds,numeric,0.000486111,142,136.32
127,43秒,43 seconds,numeric,0.000497685,151,141.94
128,44秒,44 seconds,numeric,0.000509259,133,129.01
129,45秒,45 seconds,numeric,0.000520833,321,321
130,46秒,46 seconds,numeric,0.000532407,128,126.72
131,47秒,47 seconds,numeric,0.000543981,155,151.9
132,48秒,48 seconds,numeric,0.000555556,137,126.04
133,49秒,49 seconds,numeric,0.00056713,149,147.51
134,50秒,50 seconds,numeric,0.000578704,356,352.44
135,51秒,51 seconds,numeric,0.000590278,101,94.94
136,52秒,52 seconds,numeric,0.000601852,132,125.4
137,53秒,53 seconds,numeric,0.000613426,124,122.76
138,54秒,54 seconds,numeric,0.000625,125,122.5
139,55秒,55 seconds,numeric,0.000636574,176,174.24
140,56秒,56 seconds,numeric,0.000648148,178,172.66
141,57秒,57 seconds,numeric,0.000659722,199,199
142,58秒,58 seconds,numeric,0.000671296,167,165.33
143,59秒,59 seconds,numeric,0.00068287,240,220.8
144,60秒,60 seconds,numeric,0.000694444,389,377.33
145,1分钟,1 minute,numeric,0.000694444,2320,2320
146,2分钟,2 minutes,numeric,0.001388889,1964,1964
147,3分钟,3 minutes,numeric,0.002083333,2820,2820
148,4分钟,4 minutes,numeric,0.002777778,986,986
149,5分钟,5 minutes,numeric,0.003472222,6457,6457
150,6分钟,6 minutes,numeric,0.004166667,786,778.14
151,7分钟,7 minutes,numeric,0.004861111,706,706
152,8分钟,8 minutes,numeric,0.005555556,963,963
153,9分钟,9 minutes,numeric,0.00625,365,365
154,10分钟,10 minutes,numeric,0.006944444,7109,7109
155,11分钟,11 minutes,numeric,0.007638889,271,271
156,12分钟,12 minutes,numeric,0.008333333,565,565
157,13分钟,13 minutes,numeric,0.009027778,249,249
158,14分钟,14 minutes,numeric,0.009722222,182,182
159,15分钟,15 minutes,numeric,0.010416667,4775,4775
160,16分钟,16 minutes,numeric,0.011111111,211,211
161,17分钟,17 minutes,numeric,0.011805556,202,202
162,18分钟,18 minutes,numeric,0.0125,253,253
163,19分钟,19 minutes,numeric,0.013194444,130,130
164,20分钟,20 minutes,numeric,0.013888889,5494,5494
165,21分钟,21 minutes,numeric,0.014583333,147,147
166,22分钟,22 minutes,numeric,0.015277778,156,156
167,23分钟,23 minutes,numeric,0.015972222,157,157
168,24分钟,24 minutes,numeric,0.016666667,151,151
169,25分钟,25 minutes,numeric,0.017361111,668,668
170,26分钟,26 minutes,numeric,0.018055556,129,129
171,27分钟,27 minutes,numeric,0.01875,118,118
172,28分钟,28 minutes,numeric,0.019444444,144,144
173,29分钟,29 minutes,numeric,0.020138889,103,103
174,30分钟,30 minutes,numeric,0.020833333,3953,3953
175,31分钟,31 minutes,numeric,0.021527778,90,90
176,32分钟,32 minutes,numeric,0.022222222,105,105
177,33分钟,33 minutes,numeric,0.022916667,121,121
178,34分钟,34 minutes,numeric,0.023611111,75,75
179,35分钟,35 minutes,numeric,0.024305556,406,406
180,36分钟,36 minutes,numeric,0.025,144,144
181,37分钟,37 minutes,numeric,0.025694444,106,106
182,38分钟,38 minutes,numeric,0.026388889,106,106
183,39分钟,39 minutes,numeric,0.027083333,78,78
184,40分钟,40 minutes,numeric,0.027777778,2157,2157
185,41分钟,41 minutes,numeric,0.028472222,66,66
186,42分钟,42 minutes,numeric,0.029166667,106,106
187,43分钟,43 minutes,numeric,0.029861111,83,81.34
188,44分钟,44 minutes,numeric,0.030555556,96,96
189,45分钟,45 minutes,numeric,0.03125,1329,1329
190,46分钟,46 minutes,numeric,0.031944444,65,65
191,47分钟,47 minutes,numeric,0.032638889,78,77.22
192,48分钟,48 minutes,numeric,0.033333333,96,96
193,49分钟,49 minutes,numeric,0.034027778,63,63
194,50分钟,50 minutes,numeric,0.034722222,804,804
195,51分钟,51 minutes,numeric,0.035416667,110,110
196,52分钟,52 minutes,numeric,0.036111111,56,56
197,53分钟,53 minutes,numeric,0.036805556,64,64
198,54分钟,54 minutes,numeric,0.0375,78,78
199,55分钟,55 minutes,numeric,0.038194444,115,115
200,56分钟,56 minutes,numeric,0.038888889,61,61
201,57分钟,57 minutes,numeric,0.039583333,70,70
202,58分钟,58 minutes,numeric,0.040277778,63,63
203,59分钟,59 minutes,numeric,0.040972222,46,46
204,60分钟,60 minutes,numeric,0.041666667,947,947
205,61分钟,61 minutes,numeric,0.042361111,17,17
206,62分钟,62 minutes,numeric,0.043055556,17,17
207,63分钟,63 minutes,numeric,0.04375,22,22
208,64分钟,64 minutes,numeric,0.044444444,31,31
209,65分钟,65 minutes,numeric,0.045138889,45,45
210,66分钟,66 minutes,numeric,0.045833333,24,24
211,67分钟,67 minutes,numeric,0.046527778,22,22
212,68分钟,68 minutes,numeric,0.047222222,24,24
213,69分钟,69 minutes,numeric,0.047916667,11,11
214,70分钟,70 minutes,numeric,0.048611111,248,248
215,71分钟,71 minutes,numeric,0.049305556,11,11
216,72分钟,72 minutes,numeric,0.05,23,23
217,73分钟,73 minutes,numeric,0.050694444,26,26
218,74分钟,74 minutes,numeric,0.051388889,15,15
219,75分钟,75 minutes,numeric,0.052083333,85,114.75
220,76分钟,76 minutes,numeric,0.052777778,24,24
221,77分钟,77 minutes,numeric,0.053472222,17,17
222,78分钟,78 minutes,numeric,0.054166667,30,30
223,79分钟,79 minutes,numeric,0.054861111,17,17
224,80分钟,80 minutes,numeric,0.055555556,267,846.39
225,81分钟,81 minutes,numeric,0.05625,21,21
226,82分钟,82 minutes,numeric,0.056944444,18,18
227,83分钟,83 minutes,numeric,0.057638889,13,13
228,84分钟,84 minutes,numeric,0.058333333,16,16
229,85分钟,85 minutes,numeric,0.059027778,38,38
230,86分钟,86 minutes,numeric,0.059722222,20,20
231,87分钟,87 minutes,numeric,0.060416667,22,22
232,88分钟,88 minutes,numeric,0.061111111,56,53
233,89分钟,89 minutes,numeric,0.061805556,38,38
234,90分钟,90 minutes,numeric,0.0625,1225,1225
235,91分钟,91 minutes,numeric,0.063194444,8,8
236,92分钟,92 minutes,numeric,0.063888889,10,10
237,93分钟,93 minutes,numeric,0.064583333,25,25
238,94分钟,94 minutes,numeric,0.065277778,8,8
239,95分钟,95 minutes,numeric,0.065972222,25,25
240,96分钟,96 minutes,numeric,0.066666667,11,11
241,97分钟,97 minutes,numeric,0.067361111,1,1
242,98分钟,98 minutes,numeric,0.068055556,6,6
243,99分钟,99 minutes,numeric,0.06875,9,9
244,100分钟,100 minutes,numeric,0.069444444,246,246
245,101分钟,101 minutes,numeric,0.070138889,10,9.5
246,102分钟,102 minutes,numeric,0.070833333,6,6
247,103分钟,103 minutes,numeric,0.071527778,27,27
248,104分钟,104 minutes,numeric,0.072222222,2,2
249,105分钟,105 minutes,numeric,0.072916667,29,29
250,106分钟,106 minutes,numeric,0.073611111,38,38
251,107分钟,107 minutes,numeric,0.074305556,30,30
252,108分钟,108 minutes,numeric,0.075,19,19
253,109分钟,109 minutes,numeric,0.075694444,10,10
254,110分钟,110 minutes,numeric,0.076388889,82,82
255,111分钟,111 minutes,numeric,0.077083333,4,3.5
256,112分钟,112 minutes,numeric,0.077777778,1,1
257,113分钟,113 minutes,numeric,0.078472222,2,2
258,114分钟,114 minutes,numeric,0.079166667,4,4
259,115分钟,115 minutes,numeric,0.079861111,23,23
260,116分钟,116 minutes,numeric,0.080555556,4,4
261,117分钟,117 minutes,numeric,0.08125,7,7
262,118分钟,118 minutes,numeric,0.081944444,31,31
263,119分钟,119 minutes,numeric,0.082638889,0,0
264,120分钟,120 minutes,numeric,0.083333333,260,260
265,121分钟,121 minutes,numeric,0.084027778,1,1
266,122分钟,122 minutes,numeric,0.084722222,1,1
267,123分钟,123 minutes,numeric,0.085416667,6,6
268,124分钟,124 minutes,numeric,0.086111111,1,1
269,125分钟,125 minutes,numeric,0.086805556,9,9
270,126分钟,126 minutes,numeric,0.0875,1,1
271,127分钟,127 minutes,numeric,0.088194444,1,1
272,128分钟,128 minutes,numeric,0.088888889,10,10
273,129分钟,129 minutes,numeric,0.089583333,0,0
274,130分钟,130 minutes,numeric,0.090277778,42,42
275,131分钟,131 minutes,numeric,0.090972222,0,0
276,132分钟,132 minutes,numeric,0.091666667,0,0
277,133分钟,133 minutes,numeric,0.092361111,2,2
278,134分钟,134 minutes,numeric,0.093055556,0,0
279,135分钟,135 minutes,numeric,0.09375,14,13.5
280,136分钟,136 minutes,numeric,0.094444444,2,2
281,137分钟,137 minutes,numeric,0.095138889,10,10
282,138分钟,138 minutes,numeric,0.095833333,9,9
283,139分钟,139 minutes,numeric,0.096527778,0,0
284,140分钟,140 minutes,numeric,0.097222222,26,26
285,141分钟,141 minutes,numeric,0.097916667,0,0
286,142分钟,142 minutes,numeric,0.098611111,0,0
287,143分钟,143 minutes,numeric,0.099305556,0,0
288,144分钟,144 minutes,numeric,0.1,0,0
289,145分钟,145 minutes,numeric,0.100694444,29,29
290,146分钟,146 minutes,numeric,0.101388889,2,2
291,147分钟,147 minutes,numeric,0.102083333,2,2
292,148分钟,148 minutes,numeric,0.102777778,0,0
293,149分钟,149 minutes,numeric,0.103472222,1,1
294,150分钟,150 minutes,numeric,0.104166667,82,82
295,1小时,1 hour,numeric,0.041666667,3537,3537
296,2小时,2 hours,numeric,0.083333333,3192,3192
297,3小时,3 hours,numeric,0.125,2272,2272
298,4小时,4 hours,numeric,0.166666667,1602,1602
299,5小时,5 hours,numeric,0.208333333,1044,1044
300,6小时,6 hours,numeric,0.25,1268,1268
301,7小时,7 hours,numeric,0.291666667,526,526
302,8小时,8 hours,numeric,0.333333333,1628,1628
303,9小时,9 hours,numeric,0.375,306,306
304,10小时,10 hours,numeric,0.416666667,673,673
305,11小时,11 hours,numeric,0.458333333,132,132
306,12小时,12 hours,numeric,0.5,1350,1350
307,13小时,13 hours,numeric,0.541666667,158,158
308,14小时,14 hours,numeric,0.583333333,191,191
309,15小时,15 hours,numeric,0.625,178,178
310,16小时,16 hours,numeric,0.666666667,199,199
311,17小时,17 hours,numeric,0.708333333,53,53
312,18小时,18 hours,numeric,0.75,148,148
313,19小时,19 hours,numeric,0.791666667,42,41.5
314,20小时,20 hours,numeric,0.833333333,372,372
315,21小时,21 hours,numeric,0.875,71,71
316,22小时,22 hours,numeric,0.916666667,80,80
317,23小时,23 hours,numeric,0.958333333,76,76
318,24小时,24 hours,numeric,1,9911,9911
319,25小时,25 hours,numeric,1.041666667,95,95
320,26小时,26 hours,numeric,1.083333333,57,57
321,27小时,27 hours,numeric,1.125,15,15
322,28小时,28 hours,numeric,1.166666667,36,36
323,29小时,29 hours,numeric,1.208333333,18,18
324,30小时,30 hours,numeric,1.25,206,203.94
325,31小时,31 hours,numeric,1.291666667,8,8
326,32小时,32 hours,numeric,1.333333333,25,25
327,33小时,33 hours,numeric,1.375,16,16
328,34小时,34 hours,numeric,1.416666667,24,24
329,35小时,35 hours,numeric,1.458333333,57,57
330,36小时,36 hours,numeric,1.5,224,224
331,37小时,37 hours,numeric,1.541666667,17,17
332,38小时,38 hours,numeric,1.583333333,28,28
333,39小时,39 hours,numeric,1.625,4,4
334,40小时,40 hours,numeric,1.666666667,151,149.49
335,41小时,41 hours,numeric,1.708333333,17,17
336,42小时,42 hours,numeric,1.75,19,19
337,43小时,43 hours,numeric,1.791666667,11,11
338,44小时,44 hours,numeric,1.833333333,25,25
339,45小时,45 hours,numeric,1.875,16,16
340,46小时,46 hours,numeric,1.916666667,9,9
341,47小时,47 hours,numeric,1.958333333,10,10
342,48小时,48 hours,numeric,2,1329,1329
343,49小时,49 hours,numeric,2.041666667,9,9
344,50小时,50 hours,numeric,2.083333333,74,74
345,51小时,51 hours,numeric,2.125,5,4.5
346,52小时,52 hours,numeric,2.166666667,6,6
347,53小时,53 hours,numeric,2.208333333,3,3
348,54小时,54 hours,numeric,2.25,13,13
349,55小时,55 hours,numeric,2.291666667,10,9.5
350,56小时,56 hours,numeric,2.333333333,11,11
351,57小时,57 hours,numeric,2.375,2,2
352,58小时,58 hours,numeric,2.416666667,6,6
353,59小时,59 hours,numeric,2.458333333,0,0
354,60小时,60 hours,numeric,2.5,83,83
355,61小时,61 hours,numeric,2.541666667,1,1
356,62小时,62 hours,numeric,2.583333333,2,2
357,63小时,63 hours,numeric,2.625,5,5
358,64小时,64 hours,numeric,2.666666667,4,4
359,65小时,65 hours,numeric,2.708333333,6,6
360,66小时,66 hours,numeric,2.75,4,4
361,67小时,67 hours,numeric,2.791666667,3,3
362,68小时,68 hours,numeric,2.833333333,9,9
363,69小时,69 hours,numeric,2.875,2,2
364,70小时,70 hours,numeric,2.916666667,13,13
365,71小时,71 hours,numeric,2.958333333,1,1
366,72小时,72 hours,numeric,3,482,482
367,1个小时,1 hour,numeric,0.041666667,1260,1260
368,2个小时,2 hours,numeric,0.083333333,1713,1713
369,3个小时,3 hours,numeric,0.125,1690,1690
370,4个小时,4 hours,numeric,0.166666667,1354,1354
371,5个小时,5 hours,numeric,0.208333333,1124,1124
372,6个小时,6 hours,numeric,0.25,816,816
373,7个小时,7 hours,numeric,0.291666667,440,440
374,8个小时,8 hours,numeric,0.333333333,549,549
375,9个小时,9 hours,numeric,0.375,228,228
376,10个小时,10 hours,numeric,0.416666667,553,553
377,11个小时,11 hours,numeric,0.458333333,209,209
378,12个小时,12 hours,numeric,0.5,777,777
379,13个小时,13 hours,numeric,0.541666667,256,256
380,14个小时,14 hours,numeric,0.583333333,229,229
381,15个小时,15 hours,numeric,0.625,250,250
382,16个小时,16 hours,numeric,0.666666667,215,215
383,17个小时,17 hours,numeric,0.708333333,106,106
384,18个小时,18 hours,numeric,0.75,141,141
385,19个小时,19 hours,numeric,0.791666667,48,48
386,20个小时,20 hours,numeric,0.833333333,250,250
387,21个小时,21 hours,numeric,0.875,40,40
388,22个小时,22 hours,numeric,0.916666667,47,47
389,23个小时,23 hours,numeric,0.958333333,42,42
390,24个小时,24 hours,numeric,1,278,278
391,25个小时,25 hours,numeric,1.041666667,61,61
392,26个小时,26 hours,numeric,1.083333333,27,27
393,27个小时,27 hours,numeric,1.125,29,29
394,28个小时,28 hours,numeric,1.166666667,21,21
395,29个小时,29 hours,numeric,1.208333333,12,12
396,30个小时,30 hours,numeric,1.25,132,132
397,31个小时,31 hours,numeric,1.291666667,11,11
398,32个小时,32 hours,numeric,1.333333333,15,15
399,33个小时,33 hours,numeric,1.375,23,23
400,34个小时,34 hours,numeric,1.416666667,20,20
401,35个小时,35 hours,numeric,1.458333333,24,24
402,36个小时,36 hours,numeric,1.5,84,84
403,37个小时,37 hours,numeric,1.541666667,9,9
404,38个小时,38 hours,numeric,1.583333333,21,21
405,39个小时,39 hours,numeric,1.625,9,9
406,40个小时,40 hours,numeric,1.666666667,84,84
407,41个小时,41 hours,numeric,1.708333333,12,12
408,42个小时,42 hours,numeric,1.75,3,3
409,43个小时,43 hours,numeric,1.791666667,4,4
410,44个小时,44 hours,numeric,1.833333333,14,14
411,45个小时,45 hours,numeric,1.875,10,9
412,46个小时,46 hours,numeric,1.916666667,7,7
413,47个小时,47 hours,numeric,1.958333333,8,8
414,48个小时,48 hours,numeric,2,91,91
415,49个小时,49 hours,numeric,2.041666667,4,4
416,50个小时,50 hours,numeric,2.083333333,44,44
417,51个小时,51 hours,numeric,2.125,4,4
418,52个小时,52 hours,numeric,2.166666667,1,1
419,53个小时,53 hours,numeric,2.208333333,3,3
420,54个小时,54 hours,numeric,2.25,3,3
421,55个小时,55 hours,numeric,2.291666667,9,9
422,56个小时,56 hours,numeric,2.333333333,24,24
423,57个小时,57 hours,numeric,2.375,5,5
424,58个小时,58 hours,numeric,2.416666667,7,7
425,59个小时,59 hours,numeric,2.458333333,1,1
426,60个小时,60 hours,numeric,2.5,33,33
427,61个小时,61 hours,numeric,2.541666667,2,2
428,62个小时,62 hours,numeric,2.583333333,0,0
429,63个小时,63 hours,numeric,2.625,0,0
430,64个小时,64 hours,numeric,2.666666667,0,0
431,65个小时,65 hours,numeric,2.708333333,0,0
432,66个小时,66 hours,numeric,2.75,1,1
433,67个小时,67 hours,numeric,2.791666667,4,4
434,68个小时,68 hours,numeric,2.833333333,0,0
435,69个小时,69 hours,numeric,2.875,0,0
436,70个小时,70 hours,numeric,2.916666667,10,10
437,71个小时,71 hours,numeric,2.958333333,0,0
438,72个小时,72 hours,numeric,3,21,21
439,1天,1 day,numeric,1,1753,1753
440,2天,2 days,numeric,2,4748,4748
441,3天,3 days,numeric,3,9193,9193
442,4天,4 days,numeric,4,4459,4459
443,5天,5 days,numeric,5,5051,5051
444,6天,6 days,numeric,6,2216,2216
445,7天,7 days,numeric,7,4380,4380
446,8天,8 days,numeric,8,1617,1617
447,9天,9 days,numeric,9,1125,1125
448,10天,10 days,numeric,10,4939,4939
449,11天,11 days,numeric,11,836,836
450,12天,12 days,numeric,12,1178,1178
451,13天,13 days,numeric,13,555,555
452,14天,14 days,numeric,14,934,934
453,15天,15 days,numeric,15,1995,1995
454,16天,16 days,numeric,16,480,480
455,17天,17 days,numeric,17,580,580
456,18天,18 days,numeric,18,542,542
457,19天,19 days,numeric,19,307,307
458,20天,20 days,numeric,20,2139,2139
459,21天,21 days,numeric,21,565,565
460,22天,22 days,numeric,22,333,333
461,23天,23 days,numeric,23,315,315
462,24天,24 days,numeric,24,227,224.73
463,25天,25 days,numeric,25,385,385
464,26天,26 days,numeric,26,188,186.12
465,27天,27 days,numeric,27,188,188
466,28天,28 days,numeric,28,1084,1084
467,29天,29 days,numeric,29,186,186
468,30天,30 days,numeric,30,3992,3992
469,31天,31 days,numeric,31,206,206
470,32天,32 days,numeric,32,177,177
471,33天,33 days,numeric,33,17182,17182
472,34天,34 days,numeric,34,155,155
473,35天,35 days,numeric,35,185,185
474,36天,36 days,numeric,36,127,127
475,37天,37 days,numeric,37,87,86.13
476,38天,38 days,numeric,38,141,141
477,39天,39 days,numeric,39,66,64.68
478,40天,40 days,numeric,40,875,875
479,41天,41 days,numeric,41,58,58
480,42天,42 days,numeric,42,147,147
481,43天,43 days,numeric,43,113,113
482,44天,44 days,numeric,44,119,119
483,45天,45 days,numeric,45,403,403
484,46天,46 days,numeric,46,72,72
485,47天,47 days,numeric,47,59,58.41
486,48天,48 days,numeric,48,96,96
487,49天,49 days,numeric,49,201,201
488,50天,50 days,numeric,50,572,572
489,51天,51 days,numeric,51,81,81
490,52天,52 days,numeric,52,92,92
491,53天,53 days,numeric,53,60,59.4
492,54天,54 days,numeric,54,56,56
493,55天,55 days,numeric,55,94,94
494,56天,56 days,numeric,56,82,82
495,57天,57 days,numeric,57,34,33.5
496,58天,58 days,numeric,58,49,49
497,59天,59 days,numeric,59,43,43
498,60天,60 days,numeric,60,715,715
499,61天,61 days,numeric,61,27,27
500,62天,62 days,numeric,62,27,27
501,63天,63 days,numeric,63,40,40
502,64天,64 days,numeric,64,33,32.5
503,65天,65 days,numeric,65,51,51
504,66天,66 days,numeric,66,50,50
505,67天,67 days,numeric,67,30,30
506,68天,68 days,numeric,68,19,19
507,69天,69 days,numeric,69,18,18
508,70天,70 days,numeric,70,151,151
509,71天,71 days,numeric,71,26,26
510,72天,72 days,numeric,72,48,48
511,73天,73 days,numeric,73,20,20
512,74天,74 days,numeric,74,60,60
513,75天,75 days,numeric,75,46,46
514,76天,76 days,numeric,76,26,26
515,77天,77 days,numeric,77,35,35
516,78天,78 days,numeric,78,79,79
517,79天,79 days,numeric,79,24,24
518,80天,80 days,numeric,80,165,165
519,81天,81 days,numeric,81,35,35
520,82天,82 days,numeric,82,19,18.5
521,83天,83 days,numeric,83,26,26
522,84天,84 days,numeric,84,23,22.5
523,85天,85 days,numeric,85,21,21
524,86天,86 days,numeric,86,15,14.5
525,87天,87 days,numeric,87,18,18
526,88天,88 days,numeric,88,25,25
527,89天,89 days,numeric,89,16,16
528,90天,90 days,numeric,90,726,726
529,91天,91 days,numeric,91,26,26
530,92天,92 days,numeric,92,22,22
531,93天,93 days,numeric,93,16,15.5
532,94天,94 days,numeric,94,18,15.5
533,95天,95 days,numeric,95,19,19
534,96天,96 days,numeric,96,15,14
535,97天,97 days,numeric,97,22,19
536,98天,98 days,numeric,98,47,46.5
537,99天,99 days,numeric,99,154,154
538,100天,100 days,numeric,100,1031,1031
539,101天,101 days,numeric,101,19,19
540,102天,102 days,numeric,102,7,7
541,103天,103 days,numeric,103,14,14
542,104天,104 days,numeric,104,18,17
543,105天,105 days,numeric,105,27,27
544,106天,106 days,numeric,106,11,11
545,107天,107 days,numeric,107,7,7
546,108天,108 days,numeric,108,32,27
547,109天,109 days,numeric,109,15,14.5
548,110天,110 days,numeric,110,34,30
549,111天,111 days,numeric,111,22,20.5
550,112天,112 days,numeric,112,26,26
551,113天,113 days,numeric,113,9,9
552,114天,114 days,numeric,114,23,23
553,115天,115 days,numeric,115,11,9
554,116天,116 days,numeric,116,8,8
555,117天,117 days,numeric,117,7,7
556,118天,118 days,numeric,118,14,14
557,119天,119 days,numeric,119,17,17
558,120天,120 days,numeric,120,224,224
559,121天,121 days,numeric,121,7,7
560,122天,122 days,numeric,122,24,24
561,123天,123 days,numeric,123,17,15.5
562,124天,124 days,numeric,124,7,7
563,125天,125 days,numeric,125,17,17
564,126天,126 days,numeric,126,7,7
565,127天,127 days,numeric,127,6,6
566,128天,128 days,numeric,128,13,13
567,129天,129 days,numeric,129,6,6
568,130天,130 days,numeric,130,33,33
569,131天,131 days,numeric,131,9,9
570,132天,132 days,numeric,132,7,7
571,133天,133 days,numeric,133,12,12
572,134天,134 days,numeric,134,8,8
573,135天,135 days,numeric,135,13,13
574,136天,136 days,numeric,136,9,9
575,137天,137 days,numeric,137,19,19
576,138天,138 days,numeric,138,9,9
577,139天,139 days,numeric,139,6,6
578,140天,140 days,numeric,140,26,26
579,141天,141 days,numeric,141,8,8
580,142天,142 days,numeric,142,6,6
581,143天,143 days,numeric,143,11,11
582,144天,144 days,numeric,144,9,9
583,145天,145 days,numeric,145,9,9
584,146天,146 days,numeric,146,10,10
585,147天,147 days,numeric,147,11,11
586,148天,148 days,numeric,148,12,12
587,149天,149 days,numeric,149,29,29
588,150天,150 days,numeric,150,78,78
589,151天,151 days,numeric,151,5,4
590,152天,152 days,numeric,152,5,5
591,153天,153 days,numeric,153,19,19
592,154天,154 days,numeric,154,6,6
593,155天,155 days,numeric,155,10,10
594,156天,156 days,numeric,156,12,12
595,157天,157 days,numeric,157,12,12
596,158天,158 days,numeric,158,9,9
597,159天,159 days,numeric,159,9,9
598,160天,160 days,numeric,160,26,26
599,161天,161 days,numeric,161,6,6
600,162天,162 days,numeric,162,2,2
601,163天,163 days,numeric,163,10,9.5
602,164天,164 days,numeric,164,12,12
603,165天,165 days,numeric,165,9,9
604,166天,166 days,numeric,166,9,9
605,167天,167 days,numeric,167,6,6
606,168天,168 days,numeric,168,9,9
607,169天,169 days,numeric,169,6,6
608,170天,170 days,numeric,170,27,27
609,171天,171 days,numeric,171,8,8
610,172天,172 days,numeric,172,8,8
611,173天,173 days,numeric,173,27,27
612,174天,174 days,numeric,174,6,6
613,175天,175 days,numeric,175,11,10.5
614,176天,176 days,numeric,176,8,8
615,177天,177 days,numeric,177,9,9
616,178天,178 days,numeric,178,13,13
617,179天,179 days,numeric,179,8,8
618,180天,180 days,numeric,180,179,179
619,181天,181 days,numeric,181,10,10
620,182天,182 days,numeric,182,18,18
621,183天,183 days,numeric,183,21,21
622,184天,184 days,numeric,184,88,88
623,185天,185 days,numeric,185,17,17
624,186天,186 days,numeric,186,5,5
625,187天,187 days,numeric,187,4,4
626,188天,188 days,numeric,188,17,17
627,189天,189 days,numeric,189,3,3
628,190天,190 days,numeric,190,25,25
629,191天,191 days,numeric,191,11,11
630,192天,192 days,numeric,192,18,18
631,193天,193 days,numeric,193,13,12.5
632,194天,194 days,numeric,194,5,5
633,195天,195 days,numeric,195,9,9
634,196天,196 days,numeric,196,15,15
635,197天,197 days,numeric,197,20,19
636,198天,198 days,numeric,198,21,21
637,199天,199 days,numeric,199,29,27
638,200天,200 days,numeric,200,210,210
639,201天,201 days,numeric,201,12,12
640,202天,202 days,numeric,202,10,10
641,203天,203 days,numeric,203,13,13
642,204天,204 days,numeric,204,4,3.5
643,205天,205 days,numeric,205,12,12
644,206天,206 days,numeric,206,6,6
645,207天,207 days,numeric,207,9,9
646,208天,208 days,numeric,208,8,8
647,209天,209 days,numeric,209,11,11
648,210天,210 days,numeric,210,29,28.5
649,211天,211 days,numeric,211,10,10
650,212天,212 days,numeric,212,6,6
651,213天,213 days,numeric,213,10,9.5
652,214天,214 days,numeric,214,12,12
653,215天,215 days,numeric,215,8,8
654,216天,216 days,numeric,216,6,6
655,217天,217 days,numeric,217,7,7
656,218天,218 days,numeric,218,3,3
657,219天,219 days,numeric,219,4,4
658,220天,220 days,numeric,220,11,11
659,221天,221 days,numeric,221,2,2
660,222天,222 days,numeric,222,15,15
661,223天,223 days,numeric,223,3,3
662,224天,224 days,numeric,224,2,2
663,225天,225 days,numeric,225,16,16
664,226天,226 days,numeric,226,9,9
665,227天,227 days,numeric,227,5,5
666,228天,228 days,numeric,228,1,1
667,229天,229 days,numeric,229,1,1
668,230天,230 days,numeric,230,11,11
669,231天,231 days,numeric,231,2,2
670,232天,232 days,numeric,232,10,10
671,233天,233 days,numeric,233,10,8.5
672,234天,234 days,numeric,234,4,4
673,235天,235 days,numeric,235,8,8
674,236天,236 days,numeric,236,1,1
675,237天,237 days,numeric,237,5,5
676,238天,238 days,numeric,238,2,2
677,239天,239 days,numeric,239,5,5
678,240天,240 days,numeric,240,22,22
679,241天,241 days,numeric,241,4,4
680,242天,242 days,numeric,242,4,4
681,243天,243 days,numeric,243,12,12
682,244天,244 days,numeric,244,1,1
683,245天,245 days,numeric,245,7,7
684,246天,246 days,numeric,246,4,4
685,247天,247 days,numeric,247,1,0
686,248天,248 days,numeric,248,6,6
687,249天,249 days,numeric,249,1,1
688,250天,250 days,numeric,250,35,35
689,251天,251 days,numeric,251,5,5
690,252天,252 days,numeric,252,4,4
691,253天,253 days,numeric,253,2,2
692,254天,254 days,numeric,254,4,4
693,255天,255 days,numeric,255,4,4
694,256天,256 days,numeric,256,4,4
695,257天,257 days,numeric,257,1,1
696,258天,258 days,numeric,258,1,1
697,259天,259 days,numeric,259,6,6
698,260天,260 days,numeric,260,9,9
699,261天,261 days,numeric,261,6,6
700,262天,262 days,numeric,262,1,1
701,263天,263 days,numeric,263,5,5
702,264天,264 days,numeric,264,5,5
703,265天,265 days,numeric,265,6,6
704,266天,266 days,numeric,266,5,5
705,267天,267 days,numeric,267,2,2
706,268天,268 days,numeric,268,2,2
707,269天,269 days,numeric,269,6,6
708,270天,270 days,numeric,270,8,8
709,271天,271 days,numeric,271,6,6
710,272天,272 days,numeric,272,8,8
711,273天,273 days,numeric,273,2,2
712,274天,274 days,numeric,274,9,9
713,275天,275 days,numeric,275,0,0
714,276天,276 days,numeric,276,4,4
715,277天,277 days,numeric,277,2,2
716,278天,278 days,numeric,278,5,5
717,279天,279 days,numeric,279,2,2
718,280天,280 days,numeric,280,20,20
719,281天,281 days,numeric,281,1,1
720,282天,282 days,numeric,282,1,0
721,283天,283 days,numeric,283,1,1
722,284天,284 days,numeric,284,6,6
723,285天,285 days,numeric,285,14,14
724,286天,286 days,numeric,286,8,8
725,287天,287 days,numeric,287,6,6
726,288天,288 days,numeric,288,10,10
727,289天,289 days,numeric,289,1,1
728,290天,290 days,numeric,290,31,31
729,291天,291 days,numeric,291,1,1
730,292天,292 days,numeric,292,4,4
731,293天,293 days,numeric,293,3,3
732,294天,294 days,numeric,294,3,3
733,295天,295 days,numeric,295,4,4
734,296天,296 days,numeric,296,3,3
735,297天,297 days,numeric,297,4,4
736,298天,298 days,numeric,298,4,4
737,299天,299 days,numeric,299,1,1
738,300天,300 days,numeric,300,154,154
739,301天,301 days,numeric,301,1,1
740,302天,302 days,numeric,302,2,2
741,303天,303 days,numeric,303,3,3
742,304天,304 days,numeric,304,2,2
743,305天,305 days,numeric,305,1,1
744,306天,306 days,numeric,306,0,0
745,307天,307 days,numeric,307,3,3
746,308天,308 days,numeric,308,4,4
747,309天,309 days,numeric,309,7,7
748,310天,310 days,numeric,310,12,12
749,311天,311 days,numeric,311,6,6
750,312天,312 days,numeric,312,1,1
751,313天,313 days,numeric,313,7,7
752,314天,314 days,numeric,314,4,4
753,315天,315 days,numeric,315,1,1
754,316天,316 days,numeric,316,5,5
755,317天,317 days,numeric,317,4,4
756,318天,318 days,numeric,318,8,8
757,319天,319 days,numeric,319,1,1
758,320天,320 days,numeric,320,6,6
759,321天,321 days,numeric,321,4,4
760,322天,322 days,numeric,322,6,6
761,323天,323 days,numeric,323,1,1
762,324天,324 days,numeric,324,0,0
763,325天,325 days,numeric,325,7,7
764,326天,326 days,numeric,326,1,1
765,327天,327 days,numeric,327,1,1
766,328天,328 days,numeric,328,1,1
767,329天,329 days,numeric,329,2,2
768,330天,330 days,numeric,330,42,42
769,331天,331 days,numeric,331,7,7
770,332天,332 days,numeric,332,4,4
771,333天,333 days,numeric,333,52,52
772,334天,334 days,numeric,334,7,6
773,335天,335 days,numeric,335,4,4
774,336天,336 days,numeric,336,4,4
775,337天,337 days,numeric,337,10,10
776,338天,338 days,numeric,338,1,1
777,339天,339 days,numeric,339,5,5
778,340天,340 days,numeric,340,4,4
779,341天,341 days,numeric,341,3,3
780,342天,342 days,numeric,342,1,1
781,343天,343 days,numeric,343,4,4
782,344天,344 days,numeric,344,5,5
783,345天,345 days,numeric,345,4,4
784,346天,346 days,numeric,346,3,3
785,347天,347 days,numeric,347,1,1
786,348天,348 days,numeric,348,3,3
787,349天,349 days,numeric,349,1,1
788,350天,350 days,numeric,350,7,7
789,351天,351 days,numeric,351,4,4
790,352天,352 days,numeric,352,6,6
791,353天,353 days,numeric,353,5,5
792,354天,354 days,numeric,354,17,17
793,355天,355 days,numeric,355,20,20
794,356天,356 days,numeric,356,11,11
795,357天,357 days,numeric,357,7,6.5
796,358天,358 days,numeric,358,6,6
797,359天,359 days,numeric,359,2,2
798,360天,360 days,numeric,360,64,64
799,361天,361 days,numeric,361,4,4
800,362天,362 days,numeric,362,5,5
801,363天,363 days,numeric,363,9,9
802,364天,364 days,numeric,364,64,63.36
803,365天,365 days,numeric,365,1192,1192
804,1周,1 week,numeric,7,852,766.8
805,2周,2 weeks,numeric,14,1069,1015.55
806,3周,3 weeks,numeric,21,1488,1443.36
807,4周,4 weeks,numeric,28,595,589.05
808,5周,5 weeks,numeric,35,1318,1120.3
809,6周,6 weeks,numeric,42,725,681.5
810,7周,7 weeks,numeric,49,298,289.06
811,8周,8 weeks,numeric,56,398,390.04
812,9周,9 weeks,numeric,63,184,163.76
813,10周,10 weeks,numeric,70,1210,1125.3
814,11周,11 weeks,numeric,77,223,158.33
815,12周,12 weeks,numeric,84,304,297.92
816,13周,13 weeks,numeric,91,174,153.12
817,14周,14 weeks,numeric,98,342,294.12
818,15周,15 weeks,numeric,105,534,245.64
819,16周,16 weeks,numeric,112,312,180.96
820,17周,17 weeks,numeric,119,155,83.7
821,18周,18 weeks,numeric,126,524,214.84
822,19周,19 weeks,numeric,133,80,28.8
823,20周,20 weeks,numeric,140,1111,999.9
824,21周,21 weeks,numeric,147,94,33.84
825,22周,22 weeks,numeric,154,117,22.23
826,23周,23 weeks,numeric,161,50,5
827,24周,24 weeks,numeric,168,88,31.68
828,25周,25 weeks,numeric,175,632,37.92
829,26周,26 weeks,numeric,182,68,20.4
830,27周,27 weeks,numeric,189,48,17
831,28周,28 weeks,numeric,196,114,64.98
832,29周,29 weeks,numeric,203,35,15
833,30周,30 weeks,numeric,210,1322,1070.82
834,31周,31 weeks,numeric,217,43,12
835,32周,32 weeks,numeric,224,51,24.99
836,33周,33 weeks,numeric,231,40,26
837,34周,34 weeks,numeric,238,48,26
838,35周,35 weeks,numeric,245,271,54.2
839,36周,36 weeks,numeric,252,95,32.3
840,37周,37 weeks,numeric,259,49,35
841,38周,38 weeks,numeric,266,48,33
842,39周,39 weeks,numeric,273,34,18.5
843,40周,40 weeks,numeric,280,644,161
844,41周,41 weeks,numeric,287,14,5
845,42周,42 weeks,numeric,294,22,10
846,43周,43 weeks,numeric,301,46,2
847,44周,44 weeks,numeric,308,21,6
848,45周,45 weeks,numeric,315,393,7.86
849,46周,46 weeks,numeric,322,8,1
850,47周,47 weeks,numeric,329,7,0
851,48周,48 weeks,numeric,336,21,10
852,49周,49 weeks,numeric,343,16,0.5
853,50周,50 weeks,numeric,350,3009,150.45
854,51周,51 weeks,numeric,357,134,8.04
855,52周,52 weeks,numeric,364,84,27.72
856,1星期,1 week,numeric,7,72,50.4
857,2星期,2 weeks,numeric,14,62,48.36
858,3星期,3 weeks,numeric,21,49,40
859,4星期,4 weeks,numeric,28,17,11
860,5星期,5 weeks,numeric,35,15,0
861,6星期,6 weeks,numeric,42,18,9
862,7星期,7 weeks,numeric,49,11,1
863,8星期,8 weeks,numeric,56,7,1
864,9星期,9 weeks,numeric,63,6,0
865,10星期,10 weeks,numeric,70,7,0
866,11星期,11 weeks,numeric,77,14,0
867,12星期,12 weeks,numeric,84,4,0
868,13星期,13 weeks,numeric,91,6,1
869,14星期,14 weeks,numeric,98,4,0
870,15星期,15 weeks,numeric,105,7,0
871,16星期,16 weeks,numeric,112,5,0
872,17星期,17 weeks,numeric,119,4,0
873,18星期,18 weeks,numeric,126,5,0
874,19星期,19 weeks,numeric,133,5,0
875,20星期,20 weeks,numeric,140,3,0
876,21星期,21 weeks,numeric,147,6,0
877,22星期,22 weeks,numeric,154,6,0
878,23星期,23 weeks,numeric,161,3,0
879,24星期,24 weeks,numeric,168,4,0
880,25星期,25 weeks,numeric,175,1,0
881,26星期,26 weeks,numeric,182,3,0
882,27星期,27 weeks,numeric,189,4,0
883,28星期,28 weeks,numeric,196,4,0
884,29星期,29 weeks,numeric,203,4,0
885,30星期,30 weeks,numeric,210,10,0
886,31星期,31 weeks,numeric,217,3,0
887,32星期,32 weeks,numeric,224,0,0
888,33星期,33 weeks,numeric,231,0,0
889,34星期,34 weeks,numeric,238,0,0
890,35星期,35 weeks,numeric,245,0,0
891,36星期,36 weeks,numeric,252,0,0
892,37星期,37 weeks,numeric,259,0,0
893,38星期,38 weeks,numeric,266,0,0
894,39星期,39 weeks,numeric,273,0,0
895,40星期,40 weeks,numeric,280,1,0
896,41星期,41 weeks,numeric,287,0,0
897,42星期,42 weeks,numeric,294,0,0
898,43星期,43 weeks,numeric,301,0,0
899,44星期,44 weeks,numeric,308,0,0
900,45星期,45 weeks,numeric,315,0,0
901,46星期,46 weeks,numeric,322,0,0
902,47星期,47 weeks,numeric,329,0,0
903,48星期,48 weeks,numeric,336,0,0
904,49星期,49 weeks,numeric,343,0,0
905,50星期,50 weeks,numeric,350,0,0
906,51星期,51 weeks,numeric,357,0,0
907,52星期,52 weeks,numeric,364,0,0
908,1个星期,1 week,numeric,7,106,106
909,2个星期,2 weeks,numeric,14,246,246
910,3个星期,3 weeks,numeric,21,219,219
911,4个星期,4 weeks,numeric,28,46,46
912,5个星期,5 weeks,numeric,35,81,41.31
913,6个星期,6 weeks,numeric,42,100,100
914,7个星期,7 weeks,numeric,49,19,19
915,8个星期,8 weeks,numeric,56,34,34
916,9个星期,9 weeks,numeric,63,9,9
917,10个星期,10 weeks,numeric,70,8,8
918,11个星期,11 weeks,numeric,77,4,4
919,12个星期,12 weeks,numeric,84,4,4
920,13个星期,13 weeks,numeric,91,1,1
921,14个星期,14 weeks,numeric,98,1,1
922,15个星期,15 weeks,numeric,105,2,2
923,16个星期,16 weeks,numeric,112,1,1
924,17个星期,17 weeks,numeric,119,0,0
925,18个星期,18 weeks,numeric,126,0,0
926,19个星期,19 weeks,numeric,133,0,0
927,20个星期,20 weeks,numeric,140,4,4
928,21个星期,21 weeks,numeric,147,0,0
929,22个星期,22 weeks,numeric,154,0,0
930,23个星期,23 weeks,numeric,161,3,3
931,24个星期,24 weeks,numeric,168,0,0
932,25个星期,25 weeks,numeric,175,0,0
933,26个星期,26 weeks,numeric,182,0,0
934,27个星期,27 weeks,numeric,189,0,0
935,28个星期,28 weeks,numeric,196,0,0
936,29个星期,29 weeks,numeric,203,0,0
937,30个星期,30 weeks,numeric,210,0,0
938,31个星期,31 weeks,numeric,217,0,0
939,32个星期,32 weeks,numeric,224,0,0
940,33个星期,33 weeks,numeric,231,0,0
941,34个星期,34 weeks,numeric,238,0,0
942,35个星期,35 weeks,numeric,245,0,0
943,36个星期,36 weeks,numeric,252,0,0
944,37个星期,37 weeks,numeric,259,0,0
945,38个星期,38 weeks,numeric,266,0,0
946,39个星期,39 weeks,numeric,273,0,0
947,40个星期,40 weeks,numeric,280,0,0
948,41个星期,41 weeks,numeric,287,0,0
949,42个星期,42 weeks,numeric,294,0,0
950,43个星期,43 weeks,numeric,301,0,0
951,44个星期,44 weeks,numeric,308,0,0
952,45个星期,45 weeks,numeric,315,0,0
953,46个星期,46 weeks,numeric,322,0,0
954,47个星期,47 weeks,numeric,329,0,0
955,48个星期,48 weeks,numeric,336,0,0
956,49个星期,49 weeks,numeric,343,0,0
957,50个星期,50 weeks,numeric,350,0,0
958,51个星期,51 weeks,numeric,357,0,0
959,52个星期,52 weeks,numeric,364,26,26
960,1个月,1 month,numeric,30,2014,2014
961,2个月,2 months,numeric,60,2370,2370
962,3个月,3 months,numeric,90,6156,6156
963,4个月,4 months,numeric,120,2673,2673
964,5个月,5 months,numeric,150,2077,2077
965,6个月,6 months,numeric,180,3648,3648
966,7个月,7 months,numeric,210,1185,1185
967,8个月,8 months,numeric,240,1721,1721
968,9个月,9 months,numeric,270,1317,1317
969,10个月,10 months,numeric,300,1580,1580
970,11个月,11 months,numeric,330,777,777
971,12个月,12 months,numeric,360,906,906
972,13个月,13 months,numeric,390,228,228
973,14个月,14 months,numeric,420,242,242
974,15个月,15 months,numeric,450,301,301
975,16个月,16 months,numeric,480,191,191
976,17个月,17 months,numeric,510,137,137
977,18个月,18 months,numeric,540,803,803
978,19个月,19 months,numeric,570,104,104
979,20个月,20 months,numeric,600,200,200
980,21个月,21 months,numeric,630,77,77
981,22个月,22 months,numeric,660,103,103
982,23个月,23 months,numeric,690,52,52
983,24个月,24 months,numeric,720,213,213
984,1个季度,1 quarter,numeric,90,12,12
985,2个季度,2 quarters,numeric,180,4,4
986,3个季度,3 quarters,numeric,270,68,68
987,4个季度,4 quarters,numeric,360,21,21
988,1年,1 year,numeric,365,4813,4813
989,2年,2 years,numeric,730,6295,6295
990,3年,3 years,numeric,1095,16697,16530.03
991,4年,4 years,numeric,1460,8575,8232
992,5年,5 years,numeric,1825,17320,17320
993,6年,6 years,numeric,2190,5872,5813.28
994,7年,7 years,numeric,2555,5444,5444
995,8年,8 years,numeric,2920,5416,5253.52
996,9年,9 years,numeric,3285,2301,2047.89
997,10年,10 years,numeric,3650,19628,19628
998,11年,11 years,numeric,4015,6007,3423.99
999,12年,12 years,numeric,4380,5043,4135.26
1000,13年,13 years,numeric,4745,2425,1333.75
1001,14年,14 years,numeric,5110,1867,1568.28
1002,15年,15 years,numeric,5475,4850,4656
1003,16年,16 years,numeric,5840,1530,1499.4
1004,17年,17 years,numeric,6205,1375,1361.25
1005,18年,18 years,numeric,6570,1801,1710.95
1006,19年,19 years,numeric,6935,704,661.76
1007,20年,20 years,numeric,7300,12753,12753
1008,21年,21 years,numeric,7665,731,687.14
1009,22年,22 years,numeric,8030,828,761.76
1010,23年,23 years,numeric,8395,604,567.76
1011,24年,24 years,numeric,8760,595,553.35
1012,25年,25 years,numeric,9125,2013,1912.35
1013,26年,26 years,numeric,9490,479,445.47
1014,27年,27 years,numeric,9855,531,499.14
1015,28年,28 years,numeric,10220,463,453.74
1016,29年,29 years,numeric,10585,199,195.02
1017,30年,30 years,numeric,10950,8188,8188
1018,31年,31 years,numeric,11315,207,190.44
1019,32年,32 years,numeric,11680,297,279.18
1020,33年,33 years,numeric,12045,296,269.36
1021,34年,34 years,numeric,12410,233,209.7
1022,35年,35 years,numeric,12775,504,504
1023,36年,36 years,numeric,13140,274,254.82
1024,37年,37 years,numeric,13505,216,200.88
1025,38年,38 years,numeric,13870,254,233.68
1026,39年,39 years,numeric,14235,92,88.32
1027,40年,40 years,numeric,14600,2888,2830.24
1028,41年,41 years,numeric,14965,125,111.25
1029,42年,42 years,numeric,15330,184,160.08
1030,43年,43 years,numeric,15695,138,125.58
1031,44年,44 years,numeric,16060,172,146.2
1032,45年,45 years,numeric,16425,421,345.22
1033,46年,46 years,numeric,16790,157,122.46
1034,47年,47 years,numeric,17155,120,109.2
1035,48年,48 years,numeric,17520,152,141.36
1036,49年,49 years,numeric,17885,252,32.76
1037,50年,50 years,numeric,18250,7384,6867.12
1038,51年,51 years,numeric,18615,100,99
1039,52年,52 years,numeric,18980,103,98.88
1040,53年,53 years,numeric,19345,95,88.35
1041,54年,54 years,numeric,19710,90,81.9
1042,55年,55 years,numeric,20075,378,378
1043,56年,56 years,numeric,20440,136,127.84
1044,57年,57 years,numeric,20805,121,83.49
1045,58年,58 years,numeric,21170,107,49.22
1046,59年,59 years,numeric,21535,69,37.26
1047,60年,60 years,numeric,21900,3878,3218.74
1048,61年,61 years,numeric,22265,84,64.68
1049,62年,62 years,numeric,22630,171,145.35
1050,63年,63 years,numeric,22995,107,79.18
1051,64年,64 years,numeric,23360,53,39.75
1052,65年,65 years,numeric,23725,178,165.54
1053,66年,66 years,numeric,24090,79,60.83
1054,67年,67 years,numeric,24455,87,65.25
1055,68年,68 years,numeric,24820,87,48.72
1056,69年,69 years,numeric,25185,89,56.96
1057,70年,70 years,numeric,25550,4503,4052.7
1058,71年,71 years,numeric,25915,73,61.32
1059,72年,72 years,numeric,26280,86,75.68
1060,73年,73 years,numeric,26645,64,42.88
1061,74年,74 years,numeric,27010,200,172
1062,75年,75 years,numeric,27375,167,131.93
1063,76年,76 years,numeric,27740,163,91.28
1064,77年,77 years,numeric,28105,94,44.18
1065,78年,78 years,numeric,28470,112,64.96
1066,79年,79 years,numeric,28835,110,25.3
1067,80年,80 years,numeric,29200,8002,4561.14
1068,81年,81 years,numeric,29565,106,51.94
1069,82年,82 years,numeric,29930,204,26.52
1070,83年,83 years,numeric,30295,209,20.9
1071,84年,84 years,numeric,30660,175,85.75
1072,85年,85 years,numeric,31025,350,182
1073,86年,86 years,numeric,31390,255,15.3
1074,87年,87 years,numeric,31755,337,3.37
1075,88年,88 years,numeric,32120,409,0
1076,89年,89 years,numeric,32485,525,5.25
1077,90年,90 years,numeric,32850,8345,83.45
1078,91年,91 years,numeric,33215,412,0
1079,92年,92 years,numeric,33580,471,0
1080,93年,93 years,numeric,33945,459,0
1081,94年,94 years,numeric,34310,485,0
1082,95年,95 years,numeric,34675,406,0
1083,96年,96 years,numeric,35040,392,0
1084,97年,97 years,numeric,35405,484,0
1085,98年,98 years,numeric,35770,567,5.67
1086,99年,99 years,numeric,36135,611,0
1087,100年,100 years,numeric,36500,1825,1314
1088,一秒,1 second,numeric,1.16E-05,16511,16180.78
1089,二秒,2 seconds,numeric,2.31E-05,100,97
1090,三秒,3 seconds,numeric,3.47E-05,1979,1959.21
1091,四秒,4 seconds,numeric,4.63E-05,120,118.8
1092,五秒,5 seconds,numeric,5.79E-05,858,858
1093,六秒,6 seconds,numeric,6.94E-05,90,90
1094,七秒,7 seconds,numeric,8.10E-05,200,194
1095,八秒,8 seconds,numeric,9.26E-05,97,94.09
1096,九秒,9 seconds,numeric,0.000104167,49,47
1097,十秒,10 seconds,numeric,0.000115741,1332,1292.04
1098,十一秒,11 seconds,numeric,0.000127315,65,54.6
1099,十二秒,12 seconds,numeric,0.000138889,49,49
1100,十三秒,13 seconds,numeric,0.000150463,87,87
1101,十四秒,14 seconds,numeric,0.000162037,37,37
1102,十五秒,15 seconds,numeric,0.000173611,141,141
1103,十六秒,16 seconds,numeric,0.000185185,32,32
1104,十七秒,17 seconds,numeric,0.000196759,20,20
1105,十八秒,18 seconds,numeric,0.000208333,21,21
1106,十九秒,19 seconds,numeric,0.000219907,21,21
1107,二十秒,20 seconds,numeric,0.000231481,255,252.45
1108,二十一秒,21 seconds,numeric,0.000243056,27,27
1109,二十二秒,22 seconds,numeric,0.00025463,18,17.5
1110,二十三秒,23 seconds,numeric,0.000266204,24,23.5
1111,二十四秒,24 seconds,numeric,0.000277778,13,13
1112,二十五秒,25 seconds,numeric,0.000289352,39,39
1113,二十六秒,26 seconds,numeric,0.000300926,21,20.5
1114,二十七秒,27 seconds,numeric,0.0003125,8,8
1115,二十八秒,28 seconds,numeric,0.000324074,28,26.5
1116,二十九秒,29 seconds,numeric,0.000335648,12,11.5
1117,三十秒,30 seconds,numeric,0.000347222,654,654
1118,三十一秒,31 seconds,numeric,0.000358796,8,8
1119,三十二秒,32 seconds,numeric,0.00037037,19,19
1120,三十三秒,33 seconds,numeric,0.000381944,18,18
1121,三十四秒,34 seconds,numeric,0.000393519,21,21
1122,三十五秒,35 seconds,numeric,0.000405093,28,27
1123,三十六秒,36 seconds,numeric,0.000416667,21,21
1124,三十七秒,37 seconds,numeric,0.000428241,25,25
1125,三十八秒,38 seconds,numeric,0.000439815,18,17.5
1126,三十九秒,39 seconds,numeric,0.000451389,17,16.5
1127,四十秒,40 seconds,numeric,0.000462963,85,83.3
1128,四十一秒,41 seconds,numeric,0.000474537,14,13.5
1129,四十二秒,42 seconds,numeric,0.000486111,11,10.5
1130,四十三秒,43 seconds,numeric,0.000497685,6,6
1131,四十四秒,44 seconds,numeric,0.000509259,21,20.5
1132,四十五秒,45 seconds,numeric,0.000520833,31,29
1133,四十六秒,46 seconds,numeric,0.000532407,16,15.5
1134,四十七秒,47 seconds,numeric,0.000543981,28,27.5
1135,四十八秒,48 seconds,numeric,0.000555556,17,17
1136,四十九秒,49 seconds,numeric,0.00056713,8,8
1137,五十秒,50 seconds,numeric,0.000578704,79,101.91
1138,五十一秒,51 seconds,numeric,0.000590278,14,14
1139,五十二秒,52 seconds,numeric,0.000601852,18,18
1140,五十三秒,53 seconds,numeric,0.000613426,18,18
1141,五十四秒,54 seconds,numeric,0.000625,15,15
1142,五十五秒,55 seconds,numeric,0.000636574,18,17.5
1143,五十六秒,56 seconds,numeric,0.000648148,27,25.5
1144,五十七秒,57 seconds,numeric,0.000659722,14,12.5
1145,五十八秒,58 seconds,numeric,0.000671296,22,21.5
1146,五十九秒,59 seconds,numeric,0.00068287,31,30
1147,六十秒,60 seconds,numeric,0.000694444,115,115
1148,一分钟,1 minute,numeric,0.000694444,13509,13509
1149,二分钟,2 minutes,numeric,0.001388889,183,181.17
1150,三分钟,3 minutes,numeric,0.002083333,4681,4681
1151,四分钟,4 minutes,numeric,0.002777778,454,454
1152,五分钟,5 minutes,numeric,0.003472222,7814,7814
1153,六分钟,6 minutes,numeric,0.004166667,358,358
1154,七分钟,7 minutes,numeric,0.004861111,364,364
1155,八分钟,8 minutes,numeric,0.005555556,481,481
1156,九分钟,9 minutes,numeric,0.00625,106,106
1157,十分钟,10 minutes,numeric,0.006944444,10448,10448
1158,十一分钟,11 minutes,numeric,0.007638889,41,41
1159,十二分钟,12 minutes,numeric,0.008333333,126,126
1160,十三分钟,13 minutes,numeric,0.009027778,42,42
1161,十四分钟,14 minutes,numeric,0.009722222,36,36
1162,十五分钟,15 minutes,numeric,0.010416667,2617,2617
1163,十六分钟,16 minutes,numeric,0.011111111,31,31
1164,十七分钟,17 minutes,numeric,0.011805556,39,39
1165,十八分钟,18 minutes,numeric,0.0125,44,44
1166,十九分钟,19 minutes,numeric,0.013194444,28,28
1167,二十分钟,20 minutes,numeric,0.013888889,3719,3719
1168,二十一分钟,21 minutes,numeric,0.014583333,12,12
1169,二十二分钟,22 minutes,numeric,0.015277778,21,21
1170,二十三分钟,23 minutes,numeric,0.015972222,26,26
1171,二十四分钟,24 minutes,numeric,0.016666667,32,32
1172,二十五分钟,25 minutes,numeric,0.017361111,156,156
1173,二十六分钟,26 minutes,numeric,0.018055556,11,11
1174,二十七分钟,27 minutes,numeric,0.01875,21,21
1175,二十八分钟,28 minutes,numeric,0.019444444,15,15
1176,二十九分钟,29 minutes,numeric,0.020138889,5,5
1177,三十分钟,30 minutes,numeric,0.020833333,1606,1606
1178,三十一分钟,31 minutes,numeric,0.021527778,4,4
1179,三十二分钟,32 minutes,numeric,0.022222222,15,15
1180,三十三分钟,33 minutes,numeric,0.022916667,15,15
1181,三十四分钟,34 minutes,numeric,0.023611111,6,6
1182,三十五分钟,35 minutes,numeric,0.024305556,61,61
1183,三十六分钟,36 minutes,numeric,0.025,9,9
1184,三十七分钟,37 minutes,numeric,0.025694444,15,15
1185,三十八分钟,38 minutes,numeric,0.026388889,11,11
1186,三十九分钟,39 minutes,numeric,0.027083333,11,11
1187,四十分钟,40 minutes,numeric,0.027777778,1229,1229
1188,四十一分钟,41 minutes,numeric,0.028472222,8,8
1189,四十二分钟,42 minutes,numeric,0.029166667,15,15
1190,四十三分钟,43 minutes,numeric,0.029861111,15,15
1191,四十四分钟,44 minutes,numeric,0.030555556,3,3
1192,四十五分钟,45 minutes,numeric,0.03125,338,338
1193,四十六分钟,46 minutes,numeric,0.031944444,4,4
1194,四十七分钟,47 minutes,numeric,0.032638889,5,5
1195,四十八分钟,48 minutes,numeric,0.033333333,11,11
1196,四十九分钟,49 minutes,numeric,0.034027778,0,0
1197,五十分钟,50 minutes,numeric,0.034722222,309,309
1198,五十一分钟,51 minutes,numeric,0.035416667,4,4
1199,五十二分钟,52 minutes,numeric,0.036111111,5,5
1200,五十三分钟,53 minutes,numeric,0.036805556,12,12
1201,五十四分钟,54 minutes,numeric,0.0375,1,1
1202,五十五分钟,55 minutes,numeric,0.038194444,25,25
1203,五十六分钟,56 minutes,numeric,0.038888889,1,1
1204,五十七分钟,57 minutes,numeric,0.039583333,2,2
1205,五十八分钟,58 minutes,numeric,0.040277778,6,6
1206,五十九分钟,59 minutes,numeric,0.040972222,1,1
1207,六十分钟,60 minutes,numeric,0.041666667,113,113
1208,六十一分钟,61 minutes,numeric,0.042361111,2,2
1209,六十二分钟,62 minutes,numeric,0.043055556,0,0
1210,六十三分钟,63 minutes,numeric,0.04375,1,1
1211,六十四分钟,64 minutes,numeric,0.044444444,0,0
1212,六十五分钟,65 minutes,numeric,0.045138889,2,2
1213,六十六分钟,66 minutes,numeric,0.045833333,2,2
1214,六十七分钟,67 minutes,numeric,0.046527778,1,1
1215,六十八分钟,68 minutes,numeric,0.047222222,0,0
1216,六十九分钟,69 minutes,numeric,0.047916667,1,1
1217,七十分钟,70 minutes,numeric,0.048611111,25,25
1218,七十一分钟,71 minutes,numeric,0.049305556,0,0
1219,七十二分钟,72 minutes,numeric,0.05,0,0
1220,七十三分钟,73 minutes,numeric,0.050694444,0,0
1221,七十四分钟,74 minutes,numeric,0.051388889,1,1
1222,七十五分钟,75 minutes,numeric,0.052083333,9,9
1223,七十六分钟,76 minutes,numeric,0.052777778,0,0
1224,七十七分钟,77 minutes,numeric,0.053472222,0,0
1225,七十八分钟,78 minutes,numeric,0.054166667,0,0
1226,七十九分钟,79 minutes,numeric,0.054861111,0,0
1227,八十分钟,80 minutes,numeric,0.055555556,31,31
1228,八十一分钟,81 minutes,numeric,0.05625,1,1
1229,八十二分钟,82 minutes,numeric,0.056944444,0,0
1230,八十三分钟,83 minutes,numeric,0.057638889,0,0
1231,八十四分钟,84 minutes,numeric,0.058333333,1,1
1232,八十五分钟,85 minutes,numeric,0.059027778,4,4
1233,八十六分钟,86 minutes,numeric,0.059722222,0,0
1234,八十七分钟,87 minutes,numeric,0.060416667,0,0
1235,八十八分钟,88 minutes,numeric,0.061111111,0,0
1236,八十九分钟,89 minutes,numeric,0.061805556,0,0
1237,九十分钟,90 minutes,numeric,0.0625,175,175
1238,九十一分钟,91 minutes,numeric,0.063194444,1,1
1239,九十二分钟,92 minutes,numeric,0.063888889,0,0
1240,九十三分钟,93 minutes,numeric,0.064583333,0,0
1241,九十四分钟,94 minutes,numeric,0.065277778,0,0
1242,九十五分钟,95 minutes,numeric,0.065972222,1,1
1243,九十六分钟,96 minutes,numeric,0.066666667,1,1
1244,九十七分钟,97 minutes,numeric,0.067361111,0,0
1245,九十八分钟,98 minutes,numeric,0.068055556,0,0
1246,九十九分钟,99 minutes,numeric,0.06875,0,0
1247,一百分钟,100 minutes,numeric,0.069444444,59,59
1248,一百零一分钟,101 minutes,numeric,0.070138889,0,0
1249,一百零二分钟,102 minutes,numeric,0.070833333,0,0
1250,一百零三分钟,103 minutes,numeric,0.071527778,2,2
1251,一百零四分钟,104 minutes,numeric,0.072222222,0,0
1252,一百零五分钟,105 minutes,numeric,0.072916667,2,2
1253,一百零六分钟,106 minutes,numeric,0.073611111,0,0
1254,一百零七分钟,107 minutes,numeric,0.074305556,0,0
1255,一百零八分钟,108 minutes,numeric,0.075,0,0
1256,一百零九分钟,109 minutes,numeric,0.075694444,0,0
1257,一百一十分钟,110 minutes,numeric,0.076388889,2,2
1258,一百一十一分钟,111 minutes,numeric,0.077083333,0,0
1259,一百一十二分钟,112 minutes,numeric,0.077777778,0,0
1260,一百一十三分钟,113 minutes,numeric,0.078472222,0,0
1261,一百一十四分钟,114 minutes,numeric,0.079166667,0,0
1262,一百一十五分钟,115 minutes,numeric,0.079861111,0,0
1263,一百一十六分钟,116 minutes,numeric,0.080555556,0,0
1264,一百一十七分钟,117 minutes,numeric,0.08125,0,0
1265,一百一十八分钟,118 minutes,numeric,0.081944444,0,0
1266,一百一十九分钟,119 minutes,numeric,0.082638889,0,0
1267,一百二十分钟,120 minutes,numeric,0.083333333,23,23
1268,一百二十一分钟,121 minutes,numeric,0.084027778,0,0
1269,一百二十二分钟,122 minutes,numeric,0.084722222,0,0
1270,一百二十三分钟,123 minutes,numeric,0.085416667,0,0
1271,一百二十四分钟,124 minutes,numeric,0.086111111,0,0
1272,一百二十五分钟,125 minutes,numeric,0.086805556,0,0
1273,一百二十六分钟,126 minutes,numeric,0.0875,0,0
1274,一百二十七分钟,127 minutes,numeric,0.088194444,0,0
1275,一百二十八分钟,128 minutes,numeric,0.088888889,0,0
1276,一百二十九分钟,129 minutes,numeric,0.089583333,0,0
1277,一百三十分钟,130 minutes,numeric,0.090277778,0,0
1278,一百三十一分钟,131 minutes,numeric,0.090972222,0,0
1279,一百三十二分钟,132 minutes,numeric,0.091666667,0,0
1280,一百三十三分钟,133 minutes,numeric,0.092361111,0,0
1281,一百三十四分钟,134 minutes,numeric,0.093055556,0,0
1282,一百三十五分钟,135 minutes,numeric,0.09375,10,10
1283,一百三十六分钟,136 minutes,numeric,0.094444444,0,0
1284,一百三十七分钟,137 minutes,numeric,0.095138889,0,0
1285,一百三十八分钟,138 minutes,numeric,0.095833333,0,0
1286,一百三十九分钟,139 minutes,numeric,0.096527778,0,0
1287,一百四十分钟,140 minutes,numeric,0.097222222,1,1
1288,一百四十一分钟,141 minutes,numeric,0.097916667,0,0
1289,一百四十二分钟,142 minutes,numeric,0.098611111,0,0
1290,一百四十三分钟,143 minutes,numeric,0.099305556,0,0
1291,一百四十四分钟,144 minutes,numeric,0.1,0,0
1292,一百四十五分钟,145 minutes,numeric,0.100694444,0,0
1293,一百四十六分钟,146 minutes,numeric,0.101388889,0,0
1294,一百四十七分钟,147 minutes,numeric,0.102083333,0,0
1295,一百四十八分钟,148 minutes,numeric,0.102777778,0,0
1296,一百四十九分钟,149 minutes,numeric,0.103472222,0,0
1297,一百五十分钟,150 minutes,numeric,0.104166667,5,5
1298,一小时,1 hour,numeric,0.041666667,12624,12624
1299,二小时,2 hours,numeric,0.083333333,444,444
1300,三小时,3 hours,numeric,0.125,2643,2643
1301,四小时,4 hours,numeric,0.166666667,1341,1341
1302,五小时,5 hours,numeric,0.208333333,584,584
1303,六小时,6 hours,numeric,0.25,722,714.78
1304,七小时,7 hours,numeric,0.291666667,251,251
1305,八小时,8 hours,numeric,0.333333333,2125,2125
1306,九小时,9 hours,numeric,0.375,122,122
1307,十小时,10 hours,numeric,0.416666667,374,374
1308,十一小时,11 hours,numeric,0.458333333,28,27.5
1309,十二小时,12 hours,numeric,0.5,520,520
1310,十三小时,13 hours,numeric,0.541666667,37,37
1311,十四小时,14 hours,numeric,0.583333333,70,69.3
1312,十五小时,15 hours,numeric,0.625,59,59
1313,十六小时,16 hours,numeric,0.666666667,75,74.25
1314,十七小时,17 hours,numeric,0.708333333,12,12
1315,十八小时,18 hours,numeric,0.75,67,67
1316,十九小时,19 hours,numeric,0.791666667,23,22.5
1317,二十小时,20 hours,numeric,0.833333333,122,122
1318,二十一小时,21 hours,numeric,0.875,10,10
1319,二十二小时,22 hours,numeric,0.916666667,8,8
1320,二十三小时,23 hours,numeric,0.958333333,17,17
1321,二十四小时,24 hours,numeric,1,2560,2560
1322,二十五小时,25 hours,numeric,1.041666667,10,10
1323,二十六小时,26 hours,numeric,1.083333333,10,10
1324,二十七小时,27 hours,numeric,1.125,5,5
1325,二十八小时,28 hours,numeric,1.166666667,15,15
1326,二十九小时,29 hours,numeric,1.208333333,1,1
1327,三十小时,30 hours,numeric,1.25,58,58
1328,三十一小时,31 hours,numeric,1.291666667,1,1
1329,三十二小时,32 hours,numeric,1.333333333,8,8
1330,三十三小时,33 hours,numeric,1.375,1,1
1331,三十四小时,34 hours,numeric,1.416666667,2,2
1332,三十五小时,35 hours,numeric,1.458333333,4,4
1333,三十六小时,36 hours,numeric,1.5,88,88
1334,三十七小时,37 hours,numeric,1.541666667,1,1
1335,三十八小时,38 hours,numeric,1.583333333,9,8.5
1336,三十九小时,39 hours,numeric,1.625,0,0
1337,四十小时,40 hours,numeric,1.666666667,52,52
1338,四十一小时,41 hours,numeric,1.708333333,2,2
1339,四十二小时,42 hours,numeric,1.75,6,6
1340,四十三小时,43 hours,numeric,1.791666667,0,0
1341,四十四小时,44 hours,numeric,1.833333333,14,14
1342,四十五小时,45 hours,numeric,1.875,4,4
1343,四十六小时,46 hours,numeric,1.916666667,2,2
1344,四十七小时,47 hours,numeric,1.958333333,1,1
1345,四十八小时,48 hours,numeric,2,365,365
1346,四十九小时,49 hours,numeric,2.041666667,0,0
1347,五十小时,50 hours,numeric,2.083333333,13,13
1348,五十一小时,51 hours,numeric,2.125,0,0
1349,五十二小时,52 hours,numeric,2.166666667,1,1
1350,五十三小时,53 hours,numeric,2.208333333,0,0
1351,五十四小时,54 hours,numeric,2.25,1,1
1352,五十五小时,55 hours,numeric,2.291666667,0,0
1353,五十六小时,56 hours,numeric,2.333333333,2,2
1354,五十七小时,57 hours,numeric,2.375,0,0
1355,五十八小时,58 hours,numeric,2.416666667,0,0
1356,五十九小时,59 hours,numeric,2.458333333,0,0
1357,六十小时,60 hours,numeric,2.5,20,20
1358,六十一小时,61 hours,numeric,2.541666667,0,0
1359,六十二小时,62 hours,numeric,2.583333333,0,0
1360,六十三小时,63 hours,numeric,2.625,0,0
1361,六十四小时,64 hours,numeric,2.666666667,2,2
1362,六十五小时,65 hours,numeric,2.708333333,1,1
1363,六十六小时,66 hours,numeric,2.75,0,0
1364,六十七小时,67 hours,numeric,2.791666667,0,0
1365,六十八小时,68 hours,numeric,2.833333333,0,0
1366,六十九小时,69 hours,numeric,2.875,0,0
1367,七十小时,70 hours,numeric,2.916666667,4,4
1368,七十一小时,71 hours,numeric,2.958333333,4,4
1369,七十二小时,72 hours,numeric,3,107,107
1370,一个小时,1 hour,numeric,0.041666667,15318,15318
1371,二个小时,2 hours,numeric,0.083333333,207,200.79
1372,三个小时,3 hours,numeric,0.125,4152,4152
1373,四个小时,4 hours,numeric,0.166666667,2082,2082
1374,五个小时,5 hours,numeric,0.208333333,1173,1173
1375,六个小时,6 hours,numeric,0.25,858,858
1376,七个小时,7 hours,numeric,0.291666667,372,372
1377,八个小时,8 hours,numeric,0.333333333,488,473.36
1378,九个小时,9 hours,numeric,0.375,224,224
1379,十个小时,10 hours,numeric,0.416666667,530,530
1380,十一个小时,11 hours,numeric,0.458333333,93,93
1381,十二个小时,12 hours,numeric,0.5,512,512
1382,十三个小时,13 hours,numeric,0.541666667,106,106
1383,十四个小时,14 hours,numeric,0.583333333,109,109
1384,十五个小时,15 hours,numeric,0.625,90,90
1385,十六个小时,16 hours,numeric,0.666666667,108,108
1386,十七个小时,17 hours,numeric,0.708333333,46,46
1387,十八个小时,18 hours,numeric,0.75,91,91
1388,十九个小时,19 hours,numeric,0.791666667,25,25
1389,二十个小时,20 hours,numeric,0.833333333,154,154
1390,二十一个小时,21 hours,numeric,0.875,8,8
1391,二十二个小时,22 hours,numeric,0.916666667,7,7
1392,二十三个小时,23 hours,numeric,0.958333333,8,8
1393,二十四个小时,24 hours,numeric,1,150,150
1394,二十五个小时,25 hours,numeric,1.041666667,14,14
1395,二十六个小时,26 hours,numeric,1.083333333,9,9
1396,二十七个小时,27 hours,numeric,1.125,5,5
1397,二十八个小时,28 hours,numeric,1.166666667,6,6
1398,二十九个小时,29 hours,numeric,1.208333333,1,1
1399,三十个小时,30 hours,numeric,1.25,76,76
1400,三十一个小时,31 hours,numeric,1.291666667,4,4
1401,三十二个小时,32 hours,numeric,1.333333333,5,5
1402,三十三个小时,33 hours,numeric,1.375,2,2
1403,三十四个小时,34 hours,numeric,1.416666667,6,6
1404,三十五个小时,35 hours,numeric,1.458333333,3,3
1405,三十六个小时,36 hours,numeric,1.5,31,31
1406,三十七个小时,37 hours,numeric,1.541666667,2,2
1407,三十八个小时,38 hours,numeric,1.583333333,2,2
1408,三十九个小时,39 hours,numeric,1.625,0,0
1409,四十个小时,40 hours,numeric,1.666666667,40,40
1410,四十一个小时,41 hours,numeric,1.708333333,3,3
1411,四十二个小时,42 hours,numeric,1.75,0,0
1412,四十三个小时,43 hours,numeric,1.791666667,0,0
1413,四十四个小时,44 hours,numeric,1.833333333,1,1
1414,四十五个小时,45 hours,numeric,1.875,0,0
1415,四十六个小时,46 hours,numeric,1.916666667,0,0
1416,四十七个小时,47 hours,numeric,1.958333333,0,0
1417,四十八个小时,48 hours,numeric,2,41,41
1418,四十九个小时,49 hours,numeric,2.041666667,0,0
1419,五十个小时,50 hours,numeric,2.083333333,11,11
1420,五十一个小时,51 hours,numeric,2.125,0,0
1421,五十二个小时,52 hours,numeric,2.166666667,1,1
1422,五十三个小时,53 hours,numeric,2.208333333,0,0
1423,五十四个小时,54 hours,numeric,2.25,0,0
1424,五十五个小时,55 hours,numeric,2.291666667,0,0
1425,五十六个小时,56 hours,numeric,2.333333333,1,1
1426,五十七个小时,57 hours,numeric,2.375,0,0
1427,五十八个小时,58 hours,numeric,2.416666667,1,1
1428,五十九个小时,59 hours,numeric,2.458333333,0,0
1429,六十个小时,60 hours,numeric,2.5,7,7
1430,六十一个小时,61 hours,numeric,2.541666667,0,0
1431,六十二个小时,62 hours,numeric,2.583333333,0,0
1432,六十三个小时,63 hours,numeric,2.625,0,0
1433,六十四个小时,64 hours,numeric,2.666666667,0,0
1434,六十五个小时,65 hours,numeric,2.708333333,1,1
1435,六十六个小时,66 hours,numeric,2.75,0,0
1436,六十七个小时,67 hours,numeric,2.791666667,0,0
1437,六十八个小时,68 hours,numeric,2.833333333,0,0
1438,六十九个小时,69 hours,numeric,2.875,0,0
1439,七十个小时,70 hours,numeric,2.916666667,4,4
1440,七十一个小时,71 hours,numeric,2.958333333,0,0
1441,七十二个小时,72 hours,numeric,3,11,11
1442,一天,1 day,numeric,1,303826,246099.06
1443,二天,2 days,numeric,2,1918,1802.92
1444,三天,3 days,numeric,3,41806,41806
1445,四天,4 days,numeric,4,7523,7523
1446,五天,5 days,numeric,5,7830,7830
1447,六天,6 days,numeric,6,2689,2689
1448,七天,7 days,numeric,7,12034,12034
1449,八天,8 days,numeric,8,1810,1810
1450,九天,9 days,numeric,9,3380,1960.4
1451,十天,10 days,numeric,10,8869,8869
1452,十一天,11 days,numeric,11,355,355
1453,十二天,12 days,numeric,12,774,774
1454,十三天,13 days,numeric,13,280,280
1455,十四天,14 days,numeric,14,344,344
1456,十五天,15 days,numeric,15,992,992
1457,十六天,16 days,numeric,16,175,175
1458,十七天,17 days,numeric,17,177,177
1459,十八天,18 days,numeric,18,242,242
1460,十九天,19 days,numeric,19,104,104
1461,二十天,20 days,numeric,20,1732,1732
1462,二十一天,21 days,numeric,21,180,180
1463,二十二天,22 days,numeric,22,90,90
1464,二十三天,23 days,numeric,23,68,66.64
1465,二十四天,24 days,numeric,24,71,68.87
1466,二十五天,25 days,numeric,25,194,194
1467,二十六天,26 days,numeric,26,64,64
1468,二十七天,27 days,numeric,27,61,61
1469,二十八天,28 days,numeric,28,109,109
1470,二十九天,29 days,numeric,29,38,38
1471,三十天,30 days,numeric,30,775,775
1472,三十一天,31 days,numeric,31,36,35.5
1473,三十二天,32 days,numeric,32,37,33
1474,三十三天,33 days,numeric,33,2199,2199
1475,三十四天,34 days,numeric,34,25,25
1476,三十五天,35 days,numeric,35,72,72
1477,三十六天,36 days,numeric,36,93,57.66
1478,三十七天,37 days,numeric,37,13,13
1479,三十八天,38 days,numeric,38,31,31
1480,三十九天,39 days,numeric,39,29,29
1481,四十天,40 days,numeric,40,484,484
1482,四十一天,41 days,numeric,41,27,27
1483,四十二天,42 days,numeric,42,34,34
1484,四十三天,43 days,numeric,43,23,23
1485,四十四天,44 days,numeric,44,40,40
1486,四十五天,45 days,numeric,45,123,123
1487,四十六天,46 days,numeric,46,23,23
1488,四十七天,47 days,numeric,47,32,32
1489,四十八天,48 days,numeric,48,29,29
1490,四十九天,49 days,numeric,49,80,80
1491,五十天,50 days,numeric,50,538,538
1492,五十一天,51 days,numeric,51,21,21
1493,五十二天,52 days,numeric,52,14,14
1494,五十三天,53 days,numeric,53,15,15
1495,五十四天,54 days,numeric,54,13,13
1496,五十五天,55 days,numeric,55,16,16
1497,五十六天,56 days,numeric,56,21,21
1498,五十七天,57 days,numeric,57,12,12
1499,五十八天,58 days,numeric,58,1,1
1500,五十九天,59 days,numeric,59,5,5
1501,六十天,60 days,numeric,60,213,213
1502,六十一天,61 days,numeric,61,20,20
1503,六十二天,62 days,numeric,62,5,5
1504,六十三天,63 days,numeric,63,14,14
1505,六十四天,64 days,numeric,64,6,6
1506,六十五天,65 days,numeric,65,11,11
1507,六十六天,66 days,numeric,66,17,17
1508,六十七天,67 days,numeric,67,0,0
1509,六十八天,68 days,numeric,68,11,11
1510,六十九天,69 days,numeric,69,2,2
1511,七十天,70 days,numeric,70,100,100
1512,七十一天,71 days,numeric,71,5,4.5
1513,七十二天,72 days,numeric,72,20,15
1514,七十三天,73 days,numeric,73,7,7
1515,七十四天,74 days,numeric,74,4,4
1516,七十五天,75 days,numeric,75,24,24
1517,七十六天,76 days,numeric,76,10,10
1518,七十七天,77 days,numeric,77,5,5
1519,七十八天,78 days,numeric,78,6,6
1520,七十九天,79 days,numeric,79,4,4
1521,八十天,80 days,numeric,80,163,163
1522,八十一天,81 days,numeric,81,12,12
1523,八十二天,82 days,numeric,82,7,7
1524,八十三天,83 days,numeric,83,13,13
1525,八十四天,84 days,numeric,84,16,16
1526,八十五天,85 days,numeric,85,16,16
1527,八十六天,86 days,numeric,86,0,0
1528,八十七天,87 days,numeric,87,11,11
1529,八十八天,88 days,numeric,88,2,2
1530,八十九天,89 days,numeric,89,2,2
1531,九十天,90 days,numeric,90,119,119
1532,九十一天,91 days,numeric,91,1,1
1533,九十二天,92 days,numeric,92,6,6
1534,九十三天,93 days,numeric,93,1,1
1535,九十四天,94 days,numeric,94,4,4
1536,九十五天,95 days,numeric,95,6,6
1537,九十六天,96 days,numeric,96,3,3
1538,九十七天,97 days,numeric,97,4,4
1539,九十八天,98 days,numeric,98,8,8
1540,九十九天,99 days,numeric,99,24,24
1541,一百天,100 days,numeric,100,743,743
1542,一百零一天,101 days,numeric,101,5,5
1543,一百零二天,102 days,numeric,102,3,3
1544,一百零三天,103 days,numeric,103,7,7
1545,一百零四天,104 days,numeric,104,1,1
1546,一百零五天,105 days,numeric,105,12,12
1547,一百零六天,106 days,numeric,106,1,1
1548,一百零七天,107 days,numeric,107,0,0
1549,一百零八天,108 days,numeric,108,5,4
1550,一百零九天,109 days,numeric,109,3,3
1551,一百一十天,110 days,numeric,110,21,21
1552,一百一十一天,111 days,numeric,111,1,1
1553,一百一十二天,112 days,numeric,112,6,6
1554,一百一十三天,113 days,numeric,113,4,4
1555,一百一十四天,114 days,numeric,114,1,1
1556,一百一十五天,115 days,numeric,115,6,6
1557,一百一十六天,116 days,numeric,116,0,0
1558,一百一十七天,117 days,numeric,117,1,1
1559,一百一十八天,118 days,numeric,118,5,5
1560,一百一十九天,119 days,numeric,119,1,1
1561,一百二十天,120 days,numeric,120,97,97
1562,一百二十一天,121 days,numeric,121,0,0
1563,一百二十二天,122 days,numeric,122,1,1
1564,一百二十三天,123 days,numeric,123,1,1
1565,一百二十四天,124 days,numeric,124,0,0
1566,一百二十五天,125 days,numeric,125,6,6
1567,一百二十六天,126 days,numeric,126,2,2
1568,一百二十七天,127 days,numeric,127,5,5
1569,一百二十八天,128 days,numeric,128,1,1
1570,一百二十九天,129 days,numeric,129,0,0
1571,一百三十天,130 days,numeric,130,14,14
1572,一百三十一天,131 days,numeric,131,2,2
1573,一百三十二天,132 days,numeric,132,3,3
1574,一百三十三天,133 days,numeric,133,0,0
1575,一百三十四天,134 days,numeric,134,0,0
1576,一百三十五天,135 days,numeric,135,1,1
1577,一百三十六天,136 days,numeric,136,1,1
1578,一百三十七天,137 days,numeric,137,1,1
1579,一百三十八天,138 days,numeric,138,1,1
1580,一百三十九天,139 days,numeric,139,1,1
1581,一百四十天,140 days,numeric,140,11,11
1582,一百四十一天,141 days,numeric,141,0,0
1583,一百四十二天,142 days,numeric,142,1,1
1584,一百四十三天,143 days,numeric,143,4,4
1585,一百四十四天,144 days,numeric,144,3,3
1586,一百四十五天,145 days,numeric,145,3,3
1587,一百四十六天,146 days,numeric,146,0,0
1588,一百四十七天,147 days,numeric,147,0,0
1589,一百四十八天,148 days,numeric,148,3,3
1590,一百四十九天,149 days,numeric,149,3,3
1591,一百五十天,150 days,numeric,150,47,47
1592,一百五十一天,151 days,numeric,151,0,0
1593,一百五十二天,152 days,numeric,152,1,1
1594,一百五十三天,153 days,numeric,153,0,0
1595,一百五十四天,154 days,numeric,154,2,2
1596,一百五十五天,155 days,numeric,155,3,3
1597,一百五十六天,156 days,numeric,156,0,0
1598,一百五十七天,157 days,numeric,157,0,0
1599,一百五十八天,158 days,numeric,158,0,0
1600,一百五十九天,159 days,numeric,159,0,0
1601,一百六十天,160 days,numeric,160,10,10
1602,一百六十一天,161 days,numeric,161,0,0
1603,一百六十二天,162 days,numeric,162,0,0
1604,一百六十三天,163 days,numeric,163,0,0
1605,一百六十四天,164 days,numeric,164,0,0
1606,一百六十五天,165 days,numeric,165,3,3
1607,一百六十六天,166 days,numeric,166,1,1
1608,一百六十七天,167 days,numeric,167,1,1
1609,一百六十八天,168 days,numeric,168,0,0
1610,一百六十九天,169 days,numeric,169,3,3
1611,一百七十天,170 days,numeric,170,11,11
1612,一百七十一天,171 days,numeric,171,0,0
1613,一百七十二天,172 days,numeric,172,0,0
1614,一百七十三天,173 days,numeric,173,0,0
1615,一百七十四天,174 days,numeric,174,0,0
1616,一百七十五天,175 days,numeric,175,0,0
1617,一百七十六天,176 days,numeric,176,0,0
1618,一百七十七天,177 days,numeric,177,0,0
1619,一百七十八天,178 days,numeric,178,1,1
1620,一百七十九天,179 days,numeric,179,0,0
1621,一百八十天,180 days,numeric,180,38,38
1622,一百八十一天,181 days,numeric,181,0,0
1623,一百八十二天,182 days,numeric,182,0,0
1624,一百八十三天,183 days,numeric,183,3,3
1625,一百八十四天,184 days,numeric,184,0,0
1626,一百八十五天,185 days,numeric,185,0,0
1627,一百八十六天,186 days,numeric,186,0,0
1628,一百八十七天,187 days,numeric,187,0,0
1629,一百八十八天,188 days,numeric,188,0,0
1630,一百八十九天,189 days,numeric,189,0,0
1631,一百九十天,190 days,numeric,190,5,5
1632,一百九十一天,191 days,numeric,191,0,0
1633,一百九十二天,192 days,numeric,192,0,0
1634,一百九十三天,193 days,numeric,193,0,0
1635,一百九十四天,194 days,numeric,194,1,1
1636,一百九十五天,195 days,numeric,195,0,0
1637,一百九十六天,196 days,numeric,196,1,1
1638,一百九十七天,197 days,numeric,197,0,0
1639,一百九十八天,198 days,numeric,198,1,1
1640,一百九十九天,199 days,numeric,199,0,0
1641,二百天,200 days,numeric,200,47,47
1642,二百零一天,201 days,numeric,201,0,0
1643,二百零二天,202 days,numeric,202,0,0
1644,二百零三天,203 days,numeric,203,1,1
1645,二百零四天,204 days,numeric,204,0,0
1646,二百零五天,205 days,numeric,205,0,0
1647,二百零六天,206 days,numeric,206,0,0
1648,二百零七天,207 days,numeric,207,0,0
1649,二百零八天,208 days,numeric,208,0,0
1650,二百零九天,209 days,numeric,209,0,0
1651,二百一十天,210 days,numeric,210,1,1
1652,二百一十一天,211 days,numeric,211,2,2
1653,二百一十二天,212 days,numeric,212,0,0
1654,二百一十三天,213 days,numeric,213,0,0
1655,二百一十四天,214 days,numeric,214,0,0
1656,二百一十五天,215 days,numeric,215,0,0
1657,二百一十六天,216 days,numeric,216,2,2
1658,二百一十七天,217 days,numeric,217,0,0
1659,二百一十八天,218 days,numeric,218,0,0
1660,二百一十九天,219 days,numeric,219,0,0
1661,二百二十天,220 days,numeric,220,5,5
1662,二百二十一天,221 days,numeric,221,1,1
1663,二百二十二天,222 days,numeric,222,0,0
1664,二百二十三天,223 days,numeric,223,0,0
1665,二百二十四天,224 days,numeric,224,1,1
1666,二百二十五天,225 days,numeric,225,1,1
1667,二百二十六天,226 days,numeric,226,0,0
1668,二百二十七天,227 days,numeric,227,0,0
1669,二百二十八天,228 days,numeric,228,0,0
1670,二百二十九天,229 days,numeric,229,0,0
1671,二百三十天,230 days,numeric,230,1,1
1672,二百三十一天,231 days,numeric,231,0,0
1673,二百三十二天,232 days,numeric,232,0,0
1674,二百三十三天,233 days,numeric,233,0,0
1675,二百三十四天,234 days,numeric,234,0,0
1676,二百三十五天,235 days,numeric,235,4,4
1677,二百三十六天,236 days,numeric,236,0,0
1678,二百三十七天,237 days,numeric,237,0,0
1679,二百三十八天,238 days,numeric,238,0,0
1680,二百三十九天,239 days,numeric,239,0,0
1681,二百四十天,240 days,numeric,240,5,5
1682,二百四十一天,241 days,numeric,241,0,0
1683,二百四十二天,242 days,numeric,242,1,1
1684,二百四十三天,243 days,numeric,243,0,0
1685,二百四十四天,244 days,numeric,244,0,0
1686,二百四十五天,245 days,numeric,245,0,0
1687,二百四十六天,246 days,numeric,246,0,0
1688,二百四十七天,247 days,numeric,247,0,0
1689,二百四十八天,248 days,numeric,248,1,1
1690,二百四十九天,249 days,numeric,249,0,0
1691,二百五十天,250 days,numeric,250,12,12
1692,二百五十一天,251 days,numeric,251,0,0
1693,二百五十二天,252 days,numeric,252,0,0
1694,二百五十三天,253 days,numeric,253,0,0
1695,二百五十四天,254 days,numeric,254,0,0
1696,二百五十五天,255 days,numeric,255,1,1
1697,二百五十六天,256 days,numeric,256,0,0
1698,二百五十七天,257 days,numeric,257,1,1
1699,二百五十八天,258 days,numeric,258,0,0
1700,二百五十九天,259 days,numeric,259,0,0
1701,二百六十天,260 days,numeric,260,1,1
1702,二百六十一天,261 days,numeric,261,0,0
1703,二百六十二天,262 days,numeric,262,0,0
1704,二百六十三天,263 days,numeric,263,0,0
1705,二百六十四天,264 days,numeric,264,0,0
1706,二百六十五天,265 days,numeric,265,0,0
1707,二百六十六天,266 days,numeric,266,1,1
1708,二百六十七天,267 days,numeric,267,0,0
1709,二百六十八天,268 days,numeric,268,0,0
1710,二百六十九天,269 days,numeric,269,0,0
1711,二百七十天,270 days,numeric,270,2,2
1712,二百七十一天,271 days,numeric,271,0,0
1713,二百七十二天,272 days,numeric,272,0,0
1714,二百七十三天,273 days,numeric,273,0,0
1715,二百七十四天,274 days,numeric,274,0,0
1716,二百七十五天,275 days,numeric,275,0,0
1717,二百七十六天,276 days,numeric,276,0,0
1718,二百七十七天,277 days,numeric,277,0,0
1719,二百七十八天,278 days,numeric,278,0,0
1720,二百七十九天,279 days,numeric,279,0,0
1721,二百八十天,280 days,numeric,280,6,6
1722,二百八十一天,281 days,numeric,281,0,0
1723,二百八十二天,282 days,numeric,282,2,2
1724,二百八十三天,283 days,numeric,283,0,0
1725,二百八十四天,284 days,numeric,284,0,0
1726,二百八十五天,285 days,numeric,285,0,0
1727,二百八十六天,286 days,numeric,286,0,0
1728,二百八十七天,287 days,numeric,287,0,0
1729,二百八十八天,288 days,numeric,288,0,0
1730,二百八十九天,289 days,numeric,289,0,0
1731,二百九十天,290 days,numeric,290,1,1
1732,二百九十一天,291 days,numeric,291,0,0
1733,二百九十二天,292 days,numeric,292,0,0
1734,二百九十三天,293 days,numeric,293,0,0
1735,二百九十四天,294 days,numeric,294,2,2
1736,二百九十五天,295 days,numeric,295,0,0
1737,二百九十六天,296 days,numeric,296,0,0
1738,二百九十七天,297 days,numeric,297,0,0
1739,二百九十八天,298 days,numeric,298,0,0
1740,二百九十九天,299 days,numeric,299,0,0
1741,三百天,300 days,numeric,300,80,80
1742,三百零一天,301 days,numeric,301,0,0
1743,三百零二天,302 days,numeric,302,0,0
1744,三百零三天,303 days,numeric,303,0,0
1745,三百零四天,304 days,numeric,304,0,0
1746,三百零五天,305 days,numeric,305,1,1
1747,三百零六天,306 days,numeric,306,0,0
1748,三百零七天,307 days,numeric,307,0,0
1749,三百零八天,308 days,numeric,308,0,0
1750,三百零九天,309 days,numeric,309,0,0
1751,三百一十天,310 days,numeric,310,1,1
1752,三百一十一天,311 days,numeric,311,1,1
1753,三百一十二天,312 days,numeric,312,1,1
1754,三百一十三天,313 days,numeric,313,0,0
1755,三百一十四天,314 days,numeric,314,0,0
1756,三百一十五天,315 days,numeric,315,0,0
1757,三百一十六天,316 days,numeric,316,0,0
1758,三百一十七天,317 days,numeric,317,1,1
1759,三百一十八天,318 days,numeric,318,0,0
1760,三百一十九天,319 days,numeric,319,0,0
1761,三百二十天,320 days,numeric,320,10,10
1762,三百二十一天,321 days,numeric,321,0,0
1763,三百二十二天,322 days,numeric,322,0,0
1764,三百二十三天,323 days,numeric,323,0,0
1765,三百二十四天,324 days,numeric,324,0,0
1766,三百二十五天,325 days,numeric,325,0,0
1767,三百二十六天,326 days,numeric,326,0,0
1768,三百二十七天,327 days,numeric,327,0,0
1769,三百二十八天,328 days,numeric,328,0,0
1770,三百二十九天,329 days,numeric,329,0,0
1771,三百三十天,330 days,numeric,330,4,4
1772,三百三十一天,331 days,numeric,331,0,0
1773,三百三十二天,332 days,numeric,332,1,1
1774,三百三十三天,333 days,numeric,333,5,5
1775,三百三十四天,334 days,numeric,334,0,0
1776,三百三十五天,335 days,numeric,335,0,0
1777,三百三十六天,336 days,numeric,336,0,0
1778,三百三十七天,337 days,numeric,337,0,0
1779,三百三十八天,338 days,numeric,338,0,0
1780,三百三十九天,339 days,numeric,339,0,0
1781,三百四十天,340 days,numeric,340,2,2
1782,三百四十一天,341 days,numeric,341,0,0
1783,三百四十二天,342 days,numeric,342,0,0
1784,三百四十三天,343 days,numeric,343,0,0
1785,三百四十四天,344 days,numeric,344,0,0
1786,三百四十五天,345 days,numeric,345,0,0
1787,三百四十六天,346 days,numeric,346,0,0
1788,三百四十七天,347 days,numeric,347,0,0
1789,三百四十八天,348 days,numeric,348,0,0
1790,三百四十九天,349 days,numeric,349,0,0
1791,三百五十天,350 days,numeric,350,5,5
1792,三百五十一天,351 days,numeric,351,0,0
1793,三百五十二天,352 days,numeric,352,0,0
1794,三百五十三天,353 days,numeric,353,0,0
1795,三百五十四天,354 days,numeric,354,0,0
1796,三百五十五天,355 days,numeric,355,5,5
1797,三百五十六天,356 days,numeric,356,0,0
1798,三百五十七天,357 days,numeric,357,0,0
1799,三百五十八天,358 days,numeric,358,1,1
1800,三百五十九天,359 days,numeric,359,1,1
1801,三百六十天,360 days,numeric,360,53,53
1802,三百六十一天,361 days,numeric,361,0,0
1803,三百六十二天,362 days,numeric,362,0,0
1804,三百六十三天,363 days,numeric,363,0,0
1805,三百六十四天,364 days,numeric,364,8,8
1806,三百六十五天,365 days,numeric,365,240,240
1807,一周,1 week,numeric,7,38579,38579
1808,二周,2 weeks,numeric,14,1157,1122.29
1809,三周,3 weeks,numeric,21,3197,1662.44
1810,四周,4 weeks,numeric,28,35758,3933.38
1811,五周,5 weeks,numeric,35,1430,1315.6
1812,六周,6 weeks,numeric,42,1136,1113.28
1813,七周,7 weeks,numeric,49,379,318.36
1814,八周,8 weeks,numeric,56,616,560.56
1815,九周,9 weeks,numeric,63,185,66.6
1816,十周,10 weeks,numeric,70,2957,2483.88
1817,十一周,11 weeks,numeric,77,176,35.2
1818,十二周,12 weeks,numeric,84,110,26.4
1819,十三周,13 weeks,numeric,91,65,12.35
1820,十四周,14 weeks,numeric,98,146,29.2
1821,十五周,15 weeks,numeric,105,440,92.4
1822,十六周,16 weeks,numeric,112,195,31.2
1823,十七周,17 weeks,numeric,119,66,15.18
1824,十八周,18 weeks,numeric,126,283,53.77
1825,十九周,19 weeks,numeric,133,40,6
1826,二十周,20 weeks,numeric,140,920,101.2
1827,二十一周,21 weeks,numeric,147,190,0
1828,二十二周,22 weeks,numeric,154,97,0
1829,二十三周,23 weeks,numeric,161,226,0
1830,二十四周,24 weeks,numeric,168,37,2
1831,二十五周,25 weeks,numeric,175,352,0
1832,二十六周,26 weeks,numeric,182,49,0
1833,二十七周,27 weeks,numeric,189,41,0
1834,二十八周,28 weeks,numeric,196,116,0
1835,二十九周,29 weeks,numeric,203,8,0
1836,三十周,30 weeks,numeric,210,628,18.84
1837,三十一周,31 weeks,numeric,217,33,0
1838,三十二周,32 weeks,numeric,224,12,2
1839,三十三周,33 weeks,numeric,231,50,0
1840,三十四周,34 weeks,numeric,238,6,1
1841,三十五周,35 weeks,numeric,245,432,0
1842,三十六周,36 weeks,numeric,252,8,0
1843,三十七周,37 weeks,numeric,259,10,0
1844,三十八周,38 weeks,numeric,266,5,0
1845,三十九周,39 weeks,numeric,273,8,0
1846,四十周,40 weeks,numeric,280,633,18.99
1847,四十一周,41 weeks,numeric,287,21,0
1848,四十二周,42 weeks,numeric,294,16,0
1849,四十三周,43 weeks,numeric,301,196,0
1850,四十四周,44 weeks,numeric,308,21,1
1851,四十五周,45 weeks,numeric,315,219,0
1852,四十六周,46 weeks,numeric,322,48,0
1853,四十七周,47 weeks,numeric,329,9,0
1854,四十八周,48 weeks,numeric,336,17,0
1855,四十九周,49 weeks,numeric,343,52,0
1856,五十周,50 weeks,numeric,350,1712,17.12
1857,五十一周,51 weeks,numeric,357,30,0
1858,五十二周,52 weeks,numeric,364,23,4
1859,一星期,1 week,numeric,7,6150,6150
1860,二星期,2 weeks,numeric,14,37,32.5
1861,三星期,3 weeks,numeric,21,247,239.59
1862,四星期,4 weeks,numeric,28,31,28.5
1863,五星期,5 weeks,numeric,35,28,20
1864,六星期,6 weeks,numeric,42,55,49.5
1865,七星期,7 weeks,numeric,49,10,4.5
1866,八星期,8 weeks,numeric,56,9,3
1867,九星期,9 weeks,numeric,63,7,3
1868,十星期,10 weeks,numeric,70,2,2
1869,十一星期,11 weeks,numeric,77,4,1
1870,十二星期,12 weeks,numeric,84,3,0
1871,十三星期,13 weeks,numeric,91,2,0
1872,十四星期,14 weeks,numeric,98,1,0
1873,十五星期,15 weeks,numeric,105,2,1
1874,十六星期,16 weeks,numeric,112,1,0.5
1875,十七星期,17 weeks,numeric,119,1,0
1876,十八星期,18 weeks,numeric,126,1,0
1877,十九星期,19 weeks,numeric,133,2,0
1878,二十星期,20 weeks,numeric,140,1,1
1879,二十一星期,21 weeks,numeric,147,0,0
1880,二十二星期,22 weeks,numeric,154,0,0
1881,二十三星期,23 weeks,numeric,161,0,0
1882,二十四星期,24 weeks,numeric,168,0,0
1883,二十五星期,25 weeks,numeric,175,0,0
1884,二十六星期,26 weeks,numeric,182,0,0
1885,二十七星期,27 weeks,numeric,189,0,0
1886,二十八星期,28 weeks,numeric,196,0,0
1887,二十九星期,29 weeks,numeric,203,0,0
1888,三十星期,30 weeks,numeric,210,0,0
1889,三十一星期,31 weeks,numeric,217,0,0
1890,三十二星期,32 weeks,numeric,224,0,0
1891,三十三星期,33 weeks,numeric,231,0,0
1892,三十四星期,34 weeks,numeric,238,0,0
1893,三十五星期,35 weeks,numeric,245,0,0
1894,三十六星期,36 weeks,numeric,252,0,0
1895,三十七星期,37 weeks,numeric,259,0,0
1896,三十八星期,38 weeks,numeric,266,0,0
1897,三十九星期,39 weeks,numeric,273,0,0
1898,四十星期,40 weeks,numeric,280,0,0
1899,四十一星期,41 weeks,numeric,287,0,0
1900,四十二星期,42 weeks,numeric,294,0,0
1901,四十三星期,43 weeks,numeric,301,0,0
1902,四十四星期,44 weeks,numeric,308,0,0
1903,四十五星期,45 weeks,numeric,315,0,0
1904,四十六星期,46 weeks,numeric,322,0,0
1905,四十七星期,47 weeks,numeric,329,0,0
1906,四十八星期,48 weeks,numeric,336,0,0
1907,四十九星期,49 weeks,numeric,343,0,0
1908,五十星期,50 weeks,numeric,350,0,0
1909,五十一星期,51 weeks,numeric,357,0,0
1910,五十二星期,52 weeks,numeric,364,0,0
1911,一个星期,1 week,numeric,7,14640,14640
1912,二个星期,2 weeks,numeric,14,52,52
1913,三个星期,3 weeks,numeric,21,1390,1390
1914,四个星期,4 weeks,numeric,28,229,226.71
1915,五个星期,5 weeks,numeric,35,154,115.5
1916,六个星期,6 weeks,numeric,42,340,340
1917,七个星期,7 weeks,numeric,49,44,44
1918,八个星期,8 weeks,numeric,56,29,29
1919,九个星期,9 weeks,numeric,63,19,18
1920,十个星期,10 weeks,numeric,70,25,25
1921,十一个星期,11 weeks,numeric,77,16,16
1922,十二个星期,12 weeks,numeric,84,4,4
1923,十三个星期,13 weeks,numeric,91,0,0
1924,十四个星期,14 weeks,numeric,98,11,11
1925,十五个星期,15 weeks,numeric,105,1,1
1926,十六个星期,16 weeks,numeric,112,16,16
1927,十七个星期,17 weeks,numeric,119,1,1
1928,十八个星期,18 weeks,numeric,126,0,0
1929,十九个星期,19 weeks,numeric,133,1,1
1930,二十个星期,20 weeks,numeric,140,1,1
1931,二十一个星期,21 weeks,numeric,147,0,0
1932,二十二个星期,22 weeks,numeric,154,0,0
1933,二十三个星期,23 weeks,numeric,161,0,0
1934,二十四个星期,24 weeks,numeric,168,0,0
1935,二十五个星期,25 weeks,numeric,175,0,0
1936,二十六个星期,26 weeks,numeric,182,0,0
1937,二十七个星期,27 weeks,numeric,189,0,0
1938,二十八个星期,28 weeks,numeric,196,0,0
1939,二十九个星期,29 weeks,numeric,203,0,0
1940,三十个星期,30 weeks,numeric,210,2,2
1941,三十一个星期,31 weeks,numeric,217,0,0
1942,三十二个星期,32 weeks,numeric,224,0,0
1943,三十三个星期,33 weeks,numeric,231,0,0
1944,三十四个星期,34 weeks,numeric,238,0,0
1945,三十五个星期,35 weeks,numeric,245,0,0
1946,三十六个星期,36 weeks,numeric,252,0,0
1947,三十七个星期,37 weeks,numeric,259,0,0
1948,三十八个星期,38 weeks,numeric,266,0,0
1949,三十九个星期,39 weeks,numeric,273,0,0
1950,四十个星期,40 weeks,numeric,280,0,0
1951,四十一个星期,41 weeks,numeric,287,0,0
1952,四十二个星期,42 weeks,numeric,294,0,0
1953,四十三个星期,43 weeks,numeric,301,0,0
1954,四十四个星期,44 weeks,numeric,308,0,0
1955,四十五个星期,45 weeks,numeric,315,0,0
1956,四十六个星期,46 weeks,numeric,322,0,0
1957,四十七个星期,47 weeks,numeric,329,0,0
1958,四十八个星期,48 weeks,numeric,336,0,0
1959,四十九个星期,49 weeks,numeric,343,0,0
1960,五十个星期,50 weeks,numeric,350,0,0
1961,五十一个星期,51 weeks,numeric,357,0,0
1962,五十二个星期,52 weeks,numeric,364,6,3
1963,一个月,1 month,numeric,30,51079,51079
1964,二个月,2 months,numeric,60,924,924
1965,三个月,3 months,numeric,90,18065,18065
1966,四个月,4 months,numeric,120,4330,4330
1967,五个月,5 months,numeric,150,2303,2303
1968,六个月,6 months,numeric,180,3977,3977
1969,七个月,7 months,numeric,210,1232,1232
1970,八个月,8 months,numeric,240,1847,1847
1971,九个月,9 months,numeric,270,1249,1249
1972,十个月,10 months,numeric,300,1378,1378
1973,十一个月,11 months,numeric,330,247,247
1974,十二个月,12 months,numeric,360,311,307.89
1975,十三个月,13 months,numeric,390,61,61
1976,十四个月,14 months,numeric,420,84,83.16
1977,十五个月,15 months,numeric,450,86,86
1978,十六个月,16 months,numeric,480,45,45
1979,十七个月,17 months,numeric,510,32,32
1980,十八个月,18 months,numeric,540,210,210
1981,十九个月,19 months,numeric,570,29,29
1982,二十个月,20 months,numeric,600,65,62.4
1983,二十一个月,21 months,numeric,630,15,15
1984,二十二个月,22 months,numeric,660,9,9
1985,二十三个月,23 months,numeric,690,6,6
1986,二十四个月,24 months,numeric,720,25,25
1987,一个季度,1 quarter,numeric,90,478,478
1988,二个季度,2 quarters,numeric,180,1,1
1989,三个季度,3 quarters,numeric,270,480,480
1990,四个季度,4 quarters,numeric,360,59,58.41
1991,一年,1 year,numeric,365,235932,228854.04
1992,二年,2 years,numeric,730,18861,4526.64
1993,三年,3 years,numeric,1095,78257,44606.49
1994,四年,4 years,numeric,1460,29178,17798.58
1995,五年,5 years,numeric,1825,45454,33635.96
1996,六年,6 years,numeric,2190,14253,11687.46
1997,七年,7 years,numeric,2555,12207,8300.76
1998,八年,8 years,numeric,2920,11221,8976.8
1999,九年,9 years,numeric,3285,9042,6691.08
2000,十年,10 years,numeric,3650,61551,56011.41
2001,十一年,11 years,numeric,4015,2841,1988.7
2002,十二年,12 years,numeric,4380,3598,2770.46
2003,十三年,13 years,numeric,4745,2858,2486.46
2004,十四年,14 years,numeric,5110,2330,1351.4
2005,十五年,15 years,numeric,5475,5400,4104
2006,十六年,16 years,numeric,5840,2364,1512.96
2007,十七年,17 years,numeric,6205,2248,2180.56
2008,十八年,18 years,numeric,6570,2986,2209.64
2009,十九年,19 years,numeric,6935,1318,962.14
2010,二十年,20 years,numeric,7300,18253,14602.4
2011,二十一年,21 years,numeric,7665,849,399.03
2012,二十二年,22 years,numeric,8030,994,606.34
2013,二十三年,23 years,numeric,8395,947,369.33
2014,二十四年,24 years,numeric,8760,806,346.58
2015,二十五年,25 years,numeric,9125,1560,1076.4
2016,二十六年,26 years,numeric,9490,837,426.87
2017,二十七年,27 years,numeric,9855,699,342.51
2018,二十八年,28 years,numeric,10220,736,353.28
2019,二十九年,29 years,numeric,10585,401,204.51
2020,三十年,30 years,numeric,10950,11035,9269.4
2021,三十一年,31 years,numeric,11315,350,178.5
2022,三十二年,32 years,numeric,11680,406,190.82
2023,三十三年,33 years,numeric,12045,336,147.84
2024,三十四年,34 years,numeric,12410,297,151.47
2025,三十五年,35 years,numeric,12775,671,462.99
2026,三十六年,36 years,numeric,13140,282,169.2
2027,三十七年,37 years,numeric,13505,222,153.18
2028,三十八年,38 years,numeric,13870,252,156.24
2029,三十九年,39 years,numeric,14235,176,95.04
2030,四十年,40 years,numeric,14600,4475,4475
2031,四十一年,41 years,numeric,14965,167,91.85
2032,四十二年,42 years,numeric,15330,162,105.3
2033,四十三年,43 years,numeric,15695,220,154
2034,四十四年,44 years,numeric,16060,129,86.43
2035,四十五年,45 years,numeric,16425,317,278.96
2036,四十六年,46 years,numeric,16790,147,73.5
2037,四十七年,47 years,numeric,17155,129,77.4
2038,四十八年,48 years,numeric,17520,154,89.32
2039,四十九年,49 years,numeric,17885,138,91.08
2040,五十年,50 years,numeric,18250,7921,7921
2041,五十一年,51 years,numeric,18615,78,46.8
2042,五十二年,52 years,numeric,18980,125,112.5
2043,五十三年,53 years,numeric,19345,72,54
2044,五十四年,54 years,numeric,19710,66,33
2045,五十五年,55 years,numeric,20075,135,120.15
2046,五十六年,56 years,numeric,20440,76,50.16
2047,五十七年,57 years,numeric,20805,70,34.3
2048,五十八年,58 years,numeric,21170,57,32.49
2049,五十九年,59 years,numeric,21535,45,20.5
2050,六十年,60 years,numeric,21900,4996,4846.12
2051,六十一年,61 years,numeric,22265,40,26.5
2052,六十二年,62 years,numeric,22630,44,36.5
2053,六十三年,63 years,numeric,22995,32,27
2054,六十四年,64 years,numeric,23360,26,19.5
2055,六十五年,65 years,numeric,23725,76,67.64
2056,六十六年,66 years,numeric,24090,22,19
2057,六十七年,67 years,numeric,24455,19,17
2058,六十八年,68 years,numeric,24820,16,16
2059,六十九年,69 years,numeric,25185,5,2
2060,七十年,70 years,numeric,25550,4707,4518.72
2061,七十一年,71 years,numeric,25915,14,11.5
2062,七十二年,72 years,numeric,26280,26,22
2063,七十三年,73 years,numeric,26645,24,20
2064,七十四年,74 years,numeric,27010,22,19.5
2065,七十五年,75 years,numeric,27375,53,51.41
2066,七十六年,76 years,numeric,27740,39,38
2067,七十七年,77 years,numeric,28105,17,15.5
2068,七十八年,78 years,numeric,28470,17,14
2069,七十九年,79 years,numeric,28835,11,8
2070,八十年,80 years,numeric,29200,8022,8022
2071,八十一年,81 years,numeric,29565,24,21
2072,八十二年,82 years,numeric,29930,6,5.5
2073,八十三年,83 years,numeric,30295,16,13.5
2074,八十四年,84 years,numeric,30660,16,8.5
2075,八十五年,85 years,numeric,31025,30,28.5
2076,八十六年,86 years,numeric,31390,15,7.5
2077,八十七年,87 years,numeric,31755,19,14
2078,八十八年,88 years,numeric,32120,16,12
2079,八十九年,89 years,numeric,32485,0,0
2080,九十年,90 years,numeric,32850,5780,4046
2081,九十一年,91 years,numeric,33215,11,6
2082,九十二年,92 years,numeric,33580,11,4
2083,九十三年,93 years,numeric,33945,18,6
2084,九十四年,94 years,numeric,34310,4,3
2085,九十五年,95 years,numeric,34675,9,9
2086,九十六年,96 years,numeric,35040,4,3
2087,九十七年,97 years,numeric,35405,1,1
2088,九十八年,98 years,numeric,35770,1,1
2089,九十九年,99 years,numeric,36135,26,25.5
2090,一百年,100 years,numeric,36500,4593,4593
2091,两分钟,2 minutes,numeric,0.001388889,4685,4685
2092,两小时,2 hours,numeric,0.083333333,5760,5760
2093,两天,2 days,numeric,2,75383,75383
2094,两个月,2 months,numeric,60,23000,23000
2095,两个季度,2 quarters,numeric,180,182,182
2096,两年,2 years,numeric,730,92790,92790
2097,两秒,2 seconds,numeric,2.31E-05,1365,1365
2098,两周,2 weeks,numeric,14,9785,9491.45
2099,两星期,2 weeks,numeric,14,1153,1153
2100,两个星期,2 weeks,numeric,14,4355,4355
2101,两个小时,2 hours,numeric,0.083333333,9495,9495
