artifact_id	method	source	version	sha256	local_path	notes
LaBSE	hf	sentence-transformers/LaBSE	main@2026-07 (UNPINNED at fetch)	DIR:12@053c3af908bf8a29a8256522ca38d47a0c8c6f9df0f7dcd3dd4d51464755a562	engine/models/LaBSE	load-bearing encoder (house NO-SWAP); closes Table-2#1 with full tree pin; resolve/main, no upstream commit recorded
bge-m3	hf	BAAI/bge-m3	5617a9f61b028005a4858fdac845db406aefb181	DIR:90@4389dc3ed856a94a4bb6783f9d00b1740b97127df5af5c93136f20cbe342d543	engine/models/bge-m3	closes Table-2#2; HF commit pinned via .cache metadata
gbert-base	hf	deepset/gbert-base	main@2026-07 (UNPINNED at fetch)	DIR:5@b775a468c440c55b3780ecec2393b77b7db42591c38fb3d424a86af7effae570	engine/models/gbert-base	closes Table-2#2; resolve/main, no commit recorded
multilingual-e5-large	hf	intfloat/multilingual-e5-large	3d7cfbdacd47fdda877c5cd8a79fbcc4f2a574f3	DIR:131@1035d35f9c615fbe807e35c27bba2119db7d3b490cadabdd68beb052d3dfc3aa	engine/models/multilingual-e5-large	closes Table-2#2; HF commit pinned
sikubert	hf	SIKU-BERT/sikubert	main@2026-07 (UNPINNED at fetch)	DIR:22@29074114b55c448209d48b539a0d4514a8ea6731541d248c4a050c8a44b2d1b0	engine/models/sikubert	closes Table-2#2; no commit (version evidence vocab=29791)
sikuroberta	hf	SIKU-BERT/sikuroberta	main@2026-07 (UNPINNED at fetch)	DIR:19@7e222ab5aa73876e9fff765dad3988ad7adda9282b665aaf5e9cf48179dea6c8	engine/models/sikuroberta	closes Table-2#2; no commit; same vendoring as sikubert
nltk_wordnet	nltk	wordnet	nltk-3.9.2 (gh-pages snapshot undated)	cbda5ea6eef7f36a97a43d4a75f85e07fccbb4f23657d27b4ccbc93e2646ab59	engine/nltk_data/corpora/wordnet.zip	closes Table-2#3; identity-pinned by zip hash (exact gh-pages snapshot date unrecoverable)
nltk_omw-1.4	nltk	omw-1.4	nltk-3.9.2 (gh-pages snapshot undated)	3b941e664852f3297b6040236626065796a2aaf7d7f9eec8779a3beaa1096c2d	engine/nltk_data/corpora/omw-1.4.zip	closes Table-2#3; identity-pinned by zip hash
nltk_avg_perceptron_tagger	nltk	averaged_perceptron_tagger	nltk-3.9.2 (gh-pages snapshot undated)	e1f13cf2532daadfd6f3bc481a49859f0b8ea6432ccdcd83e6a49a5f19008de9	engine/nltk_data/taggers/averaged_perceptron_tagger.zip	closes Table-2#3; identity-pinned by zip hash
nltk_avg_perceptron_tagger_eng	nltk	averaged_perceptron_tagger_eng	nltk-3.9.2 (gh-pages snapshot undated)	6025f530624335c67d6547d44757b357b4e79bae030a0383e9887a92c1718f0b	engine/nltk_data/taggers/averaged_perceptron_tagger_eng.zip	closes Table-2#3; identity-pinned by zip hash
nltk_punkt	nltk	punkt	nltk-3.9.2 (gh-pages snapshot undated)	51c3078994aeaf650bfc8e028be4fb42b4a0d177d41c012b6a983979653660ec	engine/nltk_data/tokenizers/punkt.zip	closes Table-2#3; identity-pinned by zip hash
nltk_punkt_tab	nltk	punkt_tab	nltk-3.9.2 (gh-pages snapshot undated)	e57f64187974277726a3417ca6f181ec5403676c717672eef6a748a7b20e0106	engine/nltk_data/tokenizers/punkt_tab.zip	closes Table-2#3; identity-pinned by zip hash
coco2017_annotations	curl	https://images.cocodataset.org/annotations/annotations_trainval2017.zip	COCO2017 v1.0 (2017-09-01)	DIR:6@b5fcaf9d94b9431ba1cbec1ee27588fa9917b2efcc01f97731f56861befe0f21	engine/data/coco/annotations	closes Table-2#4; downloaded as annotations_trainval2017.zip, verified-local as extracted tree; xcheck instances_val2017.json=MATCH(e8c7f79)
coco2017_val2017	curl	https://images.cocodataset.org/zips/val2017.zip	COCO2017 v1.0 (2017-09-01)	DIR:5000@2e210112a7ea2a0a7687ad7f3ef25ea4488522f47f985680cd792e6c43f95e8f	engine/data/coco/val2017	closes Table-2#4; downloaded as val2017.zip (5000 imgs), verified-local as extracted tree
glove-wiki-gigaword-50	gensim	glove-wiki-gigaword-50	Pennington2014 glove.6B.50d (gensim-data)	9a8a78e2c6da3115e97044cbcfb40736d430961410bf732a4e80776412be5cd3	marking/tools/vectors/glove-wiki-gigaword-50.txt	closes Table-2#5; gensim-data id; file-hash identity pin
audio_witness	manual	AudioCaps(cdjkim)+Clotho2.1(zenodo/4783391)+FSD50K(zenodo/4060432)+AudioSet(googleapis+ontology)	fetched 2026-07-17	DIR:21@f57cc14b2c7375ce6b3ede63eaac1186172a6d6cc3c4c6290e3ee713cab2c2cb	lexical_resources/audio_witness	4-source bundle; per-file shas in CHECKSUMS.sha256 (17 files); join 51308/51308
cilin	manual	HF-dataset One-sixth/HIT-IR-Lab-Tongyici-Cilin-Extended	HIT-SCIR ext (17817 lines)	DIR:34@aef968b19a930b8c28b05e6849a259d2a7aa304bfc4b84b9ab1e7ae115fe0052	lexical_resources/cilin	HF dataset (not model-snapshot->manual); ScoutA file sha b5ad2ccf; no Table-1 pin
coco_cn_tarball	curl	https://huggingface.co/datasets/AIMClab/COCO-CN/resolve/main/coco-cn-version1805v1.1.tar.gz	v201805v1.1; HF rel 2025-02-12	6c126cd8455363a404806e452ec75066a8fc96d73922d9357d993fcdd1d40b8a	lexical_resources/coco_cn/coco-cn-version1805v1.1.tar.gz	xcheck:MATCH(PROVENANCE 6c126cd8); extract dir regenerable, prunable
coco_cn_concepts	curl	https://raw.githubusercontent.com/li-xirong/coco-cn/master/data/conceptscn655.txt	v201805v1.1; HF rel 2025-02-12	e25044d77bd9c97d1907a2ceff45b15566fc9064d493d9ba9860b07c3a114073	lexical_resources/coco_cn/conceptscn655.txt	xcheck:MATCH(PROVENANCE e25044d7)
coco_cn_ext	curl	https://raw.githubusercontent.com/li-xirong/coco-cn/master/data/coco-cn_ext.icap2020.txt	v201805v1.1; HF rel 2025-02-12	6427c1b2f2bc357f26ac7ac37e60965f7574028997dc7aefcad495832359053c	lexical_resources/coco_cn/coco-cn_ext.icap2020.txt	xcheck:MATCH(PROVENANCE 6427c1b2)
coco_cn_typos	curl	https://raw.githubusercontent.com/li-xirong/coco-cn/master/data/detected-typos.txt	v201805v1.1; HF rel 2025-02-12	1d8f1d87f577afaf7227add4ab42296a3ab26789f001e6c22537c2d8aecf7626	lexical_resources/coco_cn/detected-typos.txt	xcheck:MATCH(PROVENANCE 1d8f1d87)
color_lexicon	manual	gh mattdesl/dictionary-of-colour-combinations + gh zerosoul/chinese-colors	mattdesl undated; zerosoul 2019	DIR:6@8774ca39307e749ee4dadb6c3fbf96fe144ad7d6415ef7e9bde565e4dc3da21d	lexical_resources/color_lexicon	xcheck colors.json=MATCH(555f11c3) zerosoul=MATCH(72a4f472); MIT(mattdesl)
de_color_inventory	manual	DERIVED de_build/build_de_color_inventory.py FROM de_dict_prose (kaikki German)	built 2026-07-28	3dbe352d1e2f04101d65d0e72700891dfb86db21d2ecff50248d9808479ac7ae	lexical_resources/de/de_color_inventory.json	derived-not-fetchable; upstream=de_dict_prose
fr_color_inventory	manual	DERIVED fr_build/build_fr_color_inventory.py FROM GLAWI (glawi_color_desc)	built 2026-07-28	6cd68a90c09f191ee8b73f988f3e5fd310add0ba6756376d71e26187d31cf0b1	lexical_resources/fr/fr_color_inventory.json	derived-not-fetchable; upstream=GLAWI_FR_work; row added 2026-08-12 #71 at her word (de-parity)
de_dict_prose	curl	https://kaikki.org/dictionary/German/	dump 2026-07-25 (368352 lines)	269d8468fb94063482fd1b03c02c83e9ffa428438be5fe7649a8de5f31c72da3	lexical_resources/de_dict_prose/kaikki.org-dictionary-German.jsonl.gz	xcheck=MATCH (Table-1 kaikki DE)
gcide	curl	https://ftp.gnu.org/gnu/gcide/gcide-0.54.tar.gz	GCIDE 0.54 (2024-12-31)	ae9b0187a1d1e7ee86218c707503b5082894c0ba61eeee26d226bca169e7fbd0	lexical_resources/en_dict_prose/gcide-0.54.tar.gz	closes Table-2#12 (gcide had no sha in registration); tarball identity-pinned tonight
kaikki_en	curl	https://kaikki.org/dictionary/English/	enwiktionary 2026-07-06	a12453ed0b667cf1574f4a9f71d0664f9a75f59c02f1e6f91a51f77dec449065	lexical_resources/en_dict_prose/kaikki.org-dictionary-English.jsonl.gz	xcheck=MATCH (Table-1 kaikki EN)
etym	manual	archive.org/download/etymologicaldict00skeauoft (Skeat) + gh PerseusDL/lexica (LSJ)	vendored 2026-07-19	DIR:6@fb31cc7192ae1d81d578817e112216c609362313376ad7e8da7bf2e39706583e	lexical_resources/etym	xcheck skeat=MATCH(1ff610c4) LSJ xml=MATCH(d4d49ef5)
fr	manual	GLAWI(univ-tlse2 2016-05-18)+EtymDB2.0(gh clefourrier)+SemantiQc(lingualab)+Miceli2021pdf(frontiersin)	fetched 2026-07-27	DIR:20@fe0f1a69b0eaa773e98dfd2e19baabba636db74b7f85e487d79b8e1ddae2c374	lexical_resources/fr	xcheck GLAWI/DTD/Miceli/EtymDBx7/Chedidx5 all=MATCH; Miceli per-word data BLOCKED (SharePoint down)->unresolvable
heideltime_src	manual	git https://github.com/HeidelTime/heideltime.git	4ef5002eb5ecfeb818086ff7e394e792ee360335	DIR:12829@92cb7aa3a8abdd0a16aec03cf08a7f65cf4de527e06731a10339b1d21ffd4ead	lexical_resources/heideltime_src/heideltime	git-verified HEAD=MATCH (Table-1); GPLv3; clone+checkout commit (tree pin includes .git, re-clone wont byte-match)
hownet_sentiment	manual	gh Shimon-Guo/chinese_sentiment_dictionary (HowNet dir)	tree sha 6d18a58; 2026-07-16	DIR:9@04c343cfeca808ec282430378fe2153aed9dda8b7d0ef77737bf53a84ebbe3e6	lexical_resources/hownet_sentiment	no Table-1 pin
html	manual	xeno-canto.org pages x2 + ctext.org pingshuiyun (+ shuowen jiezi zhu txt INFERRED ctext)	undated scrapes	DIR:6@fd8c7a11d0588b910f40daf40c2ea05f98354bff14646b5a2102ce3b07d02704	lexical_resources/html	shuowen-jiezi-zhu.txt origin inferred only->unresolvable
impression_norms	manual	Lancaster(osf/7emr6)+Buchanan(gh doomlab/Word-Norms-2)+zh3000(osf/h4pv2)+CCFD(osf/ug5dt)+Zhong2022(osf/t4zgu)	fetched 2026-07-21	DIR:28@2b2b5b87086f7bccc3912bf4123773399cd322612367d6dcc389b63d21d4facb	lexical_resources/impression_norms	closes Table-2#11 (Lancaster/Buchanan/Zhong+3000 raw now tree-pinned); CCFD per-file in sidecar
leipzig_de	curl	https://downloads.wortschatz-leipzig.de/corpora/deu_news_2024_300K.tar.gz	build 2025-01-22	9483168103f47a41380f0c164012c979f788af161867c1645249d3b4c5cbb6a8	lexical_resources/leipzig_de/deu_news_2024_300K.tar.gz	CC BY; xcheck tarball=MATCH; extracted sentences.txt=MATCH(4511291a)
leipzig_en	curl	https://downloads.wortschatz-leipzig.de/corpora/eng_news_2025_1M.tar.gz	build 2026-02-11	7cad9136013d27b6230841558d19c5ab39b18c502dce8ccd3a821fdf74b4081b	lexical_resources/leipzig_en/eng_news_2025_1M.tar.gz	CC BY; xcheck tarball=MATCH; extracted sentences.txt=MATCH(19ca4fb4)
leipzig_fr	curl	https://downloads.wortschatz-leipzig.de/corpora/fra_news_2024_300K.tar.gz	build 2025-01-19	66e99462efbe1feb71c0239eb795fc405de220cdef174971d87104770f6c4103	lexical_resources/leipzig_fr/fra_news_2024_300K.tar.gz	CC BY; xcheck tarball=MATCH; extracted sentences.txt=MATCH(b4728088)
leipzig_zh	curl	https://downloads.wortschatz-leipzig.de/corpora/zho_news_2020_300K.tar.gz	2020 crawl	28e6d92f35ea8c0eea20b7329407384905e16e9394941f02d0fcf451c5da4543	lexical_resources/leipzig_zh/zho_news_2020_300K.tar.gz	CC BY; xcheck tarball=MATCH (Table-1); extracted sentences UNPINNED->see leipzig_zh_tokenized (Table-2#13)
leipzig_zh_tokenized	manual	extracted+tokenized from leipzig_zh tarball	identity-pinned 2026-08-06	d007399263b6f139c9fa61c747500772b6fbf776aec67f8756ae653daa40090d	lexical_resources/leipzig_zh/leipzig_tokenized.txt	closes Table-2#13 (zh sentences-equivalent; en/de/fr siblings pinned, zh was the gap)
lifespan	curl	https://genomics.senescence.info/species/dataset.zip	AnAge Build 15 (2023-07-03)	e3ddb66e32e973a79932859ba53013e8f60d957c6ec01c6eb573e3ea3018d630	lexical_resources/lifespan/anage_dataset_build15.zip	CC BY 3.0; row pins download zip; xcheck extracted anage_data.txt=MATCH(Table-1 AnAge 98867969; recorded pin was for the .txt not the zip)
places365_val256	curl	http://data.csail.mit.edu/places/places365/val_256.tar	Places365-Standard (Zhou2017); 2026-07-21	24b4e639ef12a0012af525bc4cb443e4ab4aaea8369a1fb009b70e4a4aad5d48	lexical_resources/places365/val_256.tar	xcheck:MATCH(PROVENANCE 24b4e639); extract dir val_256/ regenerable, prunable
places365_filelist	curl	http://data.csail.mit.edu/places/places365/filelist_places365-standard.tar	Places365-Standard (Zhou2017); 2026-07-21	520699e00d69b63ddc29fac54645aa00ce1c10ca42e288960aa1cf791d6e9aa9	lexical_resources/places365/filelist_places365-standard.tar	xcheck:MATCH(PROVENANCE 520699e0)
places365_categories	curl	http://data.csail.mit.edu/places/places365/categories_places365.txt	Places365-Standard (Zhou2017); 2026-07-21	2affba635eb657e7ca95f4e6cc69bd9fac29ef4c32aeb83cafdfcd06ec6a1ea6	lexical_resources/places365/categories_places365.txt	xcheck:MATCH(PROVENANCE 2affba63)
places365_valtxt	curl	http://data.csail.mit.edu/places/places365/places365_val.txt	Places365-Standard (Zhou2017); 2026-07-21	06d41c7ca5164a789a3dae2e997d8dd1ad2aef8d97ee474d4717a4dcce0a67be	lexical_resources/places365/places365_val.txt	xcheck:MATCH(PROVENANCE 06d41c7c)
ru	manual	git https://github.com/wenyuange/ru.git (ruzang)	2f3a39cabc8de44b77ebd67f23c4f777ba053876	DIR:936@0cc2b4ab1552e15ee0c8cf73d083411bccea13c0c86817737c81b84c7f848f46	lexical_resources/ru	git-verified HEAD=MATCH (Table-1); per-file sha16 in ru_manifest json (satellite); clone+checkout (tree includes .git)
sewrl	manual	git github.com/thunlp/SE-WRL (ships HowNet.txt)	ACL2017 release	DIR:61@5234ec0a32c6e8434978005c609b3d08d5ad5b24219eaee0999686329a2e392c	lexical_resources/sewrl	MIT; no Table-1 pin
temporal_ground	manual	gh UD_Classical_Chinese-Kyoto + zh.wikisource jingzhuanshici(API) + unicode.org Unihan_Variants.txt	clones/fetches 2026-07-18	DIR:16@58f5fc236ef9e61023f84d98d517135c4c4c6e4cfac64ea908811db7c9f64307	lexical_resources/temporal_ground	xcheck Unihan_Variants.txt=MATCH(3f23cd71); UD-Kyoto commit 59ee9e05 recorded-only (no on-disk .git->not locally git-verifiable)
temporal_lexicon	manual	DERIVED en_temporal_derive_61.py FROM heideltime_src	built 2026-07-28	18fb285e8c1e000ddf9df22bbe05fa37aea04478db362300f4cd9c885860dbaf	lexical_resources/temporal_lexicon/en_temporal_inventory_61.json	derived-not-fetchable; upstream=heideltime_src
xeno_canto	manual	xeno-canto.org API v3 crawl (cnt:china, key required)	2026-07-17; 49 pages/24020 records	DIR:13@a99cff25360964687768a8eecc43cd7bf62f5b7320a236182ef0ac5f88d1d492	lexical_resources/xeno_canto	API crawl (not automatable w/o key); provenance.json in tree
zh_dict_prose	curl	https://language.moe.gov.tw/download/dict_revised_2015_20260625.zip	2021 Web v6 (2026-06-25)	64003a98fcc7097940e5a536c999bc08ba7c07e2c1be66448f01bf1ae10a53fc	lexical_resources/zh_dict_prose/dict_revised_2015_20260625.zip	CC BY-ND 3.0 TW; xcheck zip=MATCH; xlsx=MATCH(df94ae43)
zh_durations	manual	scidb.cn DOI 10.57760/sciencedb.28888	V1 (2026-07-16)	DIR:6@2ade30b7c2fa01eae22c4a2b87ea8bee39ee43d16c30430a52bfd093e928b218	lexical_resources/zh_durations	CC BY 4.0; DOI-gated (landing page not direct URL); no Table-1 pin
cmudict	curl	https://raw.githubusercontent.com/cmusphinx/cmudict/master/cmudict.dict	HEADERLESS (no version in file)	81917843c7f44ce2b094ac63873c2c7a4cf802040792c455ba3ca406891c3d22	marking/tools/vectors/cmudict.dict	closes Table-2#6 (hash); CITATION_AUDIT version 0.4(1995) UNCONFIRMED-file has no version header (1st entry bout, last zywicki; cmusphinx cmudict.dict format)
xkcd_rgb	curl	https://xkcd.com/color/rgb.txt	xkcd color survey	450cca88fa6fa9a1e79c969969e05e6900b41a94f0a3a5f134e3d0b79077f890	marking/tools/vectors/xkcd_rgb.txt	closes Table-2#8; was filename-cited only
erya_shiyue	manual	Erya-Shiyue (ctext.org, INFERRED)	identity-pinned 2026-08-06	caf52edb87868ac33ed02e345998b4d2d64c72ec68f7bb5e0c24cb07fa8b5c4e	marking/tools/vectors/erya_shiyue.txt	closes Table-2#9; source inferred (no receipt)
erya_shitian	manual	Erya-Shitian calendrical (ctext.org, INFERRED)	identity-pinned 2026-08-06	cea98c05db870e0248e7a0cff4a12a286ba010feef15232747a4f61d6a5499dc	marking/tools/vectors/erya_shitian_calendrical.txt	closes Table-2#9; source inferred
erya_shicao	manual	Erya-Shicao (ctext.org, INFERRED)	identity-pinned 2026-08-06	e10bc0d3386b47bcc44841241798016d744046835b0bc1a78753f4a54cc9de50	marking/tools/vectors/erya_shicao.txt	closes Table-2#9; source inferred
erya_shimu	manual	Erya-Shimu (ctext.org, INFERRED)	identity-pinned 2026-08-06	00d0f5bc4e2f2899f802f9945e2357c17fde70dc62c4ce170450a7ecacdc05aa	marking/tools/vectors/erya_shimu.txt	closes Table-2#9; source inferred
unihan_zip	curl	https://www.unicode.org/Public/UCD/latest/ucd/Unihan.zip	Unicode UCD latest-at-fetch	f7a48b2b545acfaa77b2d607ae28747404ce02baefee16396c5d2d7a8ef34b5e	marking/tools/vectors/Unihan.zip	closes Table-2#10 (download unit)
unihan_irgsources	manual	extracted member of Unihan.zip	identity-pinned 2026-08-06	d1c817dd7db84295dab0643c277d97c2fa742c245f8824e6736c2a0935095325	marking/tools/vectors/Unihan_IRGSources.txt	closes Table-2#10; extracted from Unihan.zip
wndb_tar	curl	https://wordnetcode.princeton.edu/3.0/WNdb-3.0.tar.gz	WordNet 3.0	658b1ba191f5f98c2e9bae3e25c186013158f30ef779f191d2a44e5d25046dc8	marking/tools/vectors/WNdb-3.0.tar.gz	closes Table-2#7 (download unit); WordNet license
wordnet30	manual	extracted from WNdb-3.0.tar.gz	WordNet 3.0	DIR:9@e0e655fcee52eb923d04107e1c1e28a68a5658d03d91f792816bdd296b3c5a30	marking/tools/vectors/wordnet30	closes Table-2#7 (expanded tree); extracted from WNdb-3.0.tar.gz
guangyun	manual	git https://github.com/nk2028/tshet-uinh-data	21585e22c8a730ca2fd175112f4d18e16d5ce578	DIR:18@45b04bbca6a8a2855460b9138d927575ae2bb470748d6bba3b2a1ceca8e7fc9c	marking/tools/vectors/guangyun	git-verified HEAD (NEW: remote=nk2028/tshet-uinh-data, no .git suffix); LICENSE in tree; clone+checkout (tree includes .git); re-pinned 2026-08-12 #71 after nested-duplicate removal (f875abf) — prior pin covered the accidental double-vendor
whitening_sample	manual	Leipzig-derived (house precedent)	exact pack/year NOT recoverable	59c9c84087517d740f76890c4795c47faefecdba29d6219bbe8a4f4c4bd79b77	engine/data/whitening_sample.txt	derived-not-fetchable; predates PROVENANCE convention->unresolvable
